hgnc_id	gene	source_id	source_group_id	membership	membership_column	source_symbols
HGNC:60	ABCC9	griffin2023_table1_syndromic	griffin2023	1	Griffin_2023_table1_syndromic.csv	ABCC9
HGNC:60	ABCC9	griffin2023_supp1_candidates	griffin2023	1	Griffin_2023_Supp_Table_1_All_Candidate_Genes.csv	ABCC9
HGNC:60	ABCC9	griffin2023_supp2_curated	griffin2023	1	Griffin_2023_Supp_Table_2_All_Curated_Genes.csv	ABCC9
HGNC:60	ABCC9	gencc_clingen_submitter_2026_08_10	gencc2022	1	GenCC_data_Aug10_2026	ABCC9
HGNC:67	ABCD3	griffin2023_supp1_candidates	griffin2023	1	Griffin_2023_Supp_Table_1_All_Candidate_Genes.csv	ABCD3
HGNC:67	ABCD3	gencc_clingen_submitter_2026_08_10	gencc2022	1	GenCC_data_Aug10_2026	ABCD3
HGNC:76	ABL1	chdgene_2026_08_10	chdgene	1	CHDGENE_table_10Aug26.csv	ABL1
HGNC:29609	ACP6	griffin2023_supp1_candidates	griffin2023	1	Griffin_2023_Supp_Table_1_All_Candidate_Genes.csv	ACP6
HGNC:130	ACTA2	griffin2023_supp1_candidates	griffin2023	1	Griffin_2023_Supp_Table_1_All_Candidate_Genes.csv	ACTA2
HGNC:130	ACTA2	griffin2023_supp2_curated	griffin2023	1	Griffin_2023_Supp_Table_2_All_Curated_Genes.csv	ACTA2
HGNC:130	ACTA2	griffin2023_curated_not_final	griffin2023	1	Griffin_2023_fully_curated_not_final_n196.csv	ACTA2
HGNC:130	ACTA2	clingen_dosage_gene_2026_08_10	clingen_dosage	1	ClinGen_Dosage_GENE-only_10Aug26.csv	ACTA2
HGNC:132	ACTB	griffin2023_supp1_candidates	griffin2023	1	Griffin_2023_Supp_Table_1_All_Candidate_Genes.csv	ACTB
HGNC:132	ACTB	sierant_dominant60	sierant2025	1	Sierant dominant 60	ACTB
HGNC:132	ACTB	gencc_clingen_submitter_2026_08_10	gencc2022	1	GenCC_data_Aug10_2026	ACTB
HGNC:132	ACTB	clingen_dosage_gene_2026_08_10	clingen_dosage	1	ClinGen_Dosage_GENE-only_10Aug26.csv	ACTB
HGNC:143	ACTC1	chdgene_2026_08_10	chdgene	1	CHDGENE_table_10Aug26.csv	ACTC1
HGNC:143	ACTC1	griffin2023_supp1_candidates	griffin2023	1	Griffin_2023_Supp_Table_1_All_Candidate_Genes.csv	ACTC1
HGNC:143	ACTC1	griffin2023_supp2_curated	griffin2023	1	Griffin_2023_Supp_Table_2_All_Curated_Genes.csv	ACTC1
HGNC:143	ACTC1	griffin2023_curated_not_final	griffin2023	1	Griffin_2023_fully_curated_not_final_n196.csv	ACTC1
HGNC:143	ACTC1	gencc_clingen_submitter_2026_08_10	gencc2022	1	GenCC_data_Aug10_2026	ACTC1
HGNC:143	ACTC1	clingen_dosage_gene_2026_08_10	clingen_dosage	1	ClinGen_Dosage_GENE-only_10Aug26.csv	ACTC1
HGNC:171	ACVR1	chdgene_2026_08_10	chdgene	1	CHDGENE_table_10Aug26.csv	ACVR1
HGNC:171	ACVR1	griffin2023_supp1_candidates	griffin2023	1	Griffin_2023_Supp_Table_1_All_Candidate_Genes.csv	ACVR1
HGNC:171	ACVR1	griffin2023_supp2_curated	griffin2023	1	Griffin_2023_Supp_Table_2_All_Curated_Genes.csv	ACVR1
HGNC:171	ACVR1	griffin2023_curated_not_final	griffin2023	1	Griffin_2023_fully_curated_not_final_n196.csv	ACVR1
HGNC:171	ACVR1	gencc_clingen_submitter_2026_08_10	gencc2022	1	GenCC_data_Aug10_2026	ACVR1
HGNC:174	ACVR2B	chdgene_2026_08_10	chdgene	1	CHDGENE_table_10Aug26.csv	ACVR2B
HGNC:174	ACVR2B	griffin2023_supp1_candidates	griffin2023	1	Griffin_2023_Supp_Table_1_All_Candidate_Genes.csv	ACVR2B
HGNC:174	ACVR2B	griffin2023_supp2_curated	griffin2023	1	Griffin_2023_Supp_Table_2_All_Curated_Genes.csv	ACVR2B
HGNC:174	ACVR2B	griffin2023_curated_not_final	griffin2023	1	Griffin_2023_fully_curated_not_final_n196.csv	ACVR2B
HGNC:175	ACVRL1	griffin2023_supp1_candidates	griffin2023	1	Griffin_2023_Supp_Table_1_All_Candidate_Genes.csv	ACVRL1
HGNC:175	ACVRL1	griffin2023_supp2_curated	griffin2023	1	Griffin_2023_Supp_Table_2_All_Curated_Genes.csv	ACVRL1
HGNC:175	ACVRL1	griffin2023_curated_not_final	griffin2023	1	Griffin_2023_fully_curated_not_final_n196.csv	ACVRL1
HGNC:175	ACVRL1	gencc_clingen_submitter_2026_08_10	gencc2022	1	GenCC_data_Aug10_2026	ACVRL1
HGNC:175	ACVRL1	clingen_dosage_gene_2026_08_10	clingen_dosage	1	ClinGen_Dosage_GENE-only_10Aug26.csv	ACVRL1
HGNC:18060	ARX	griffin2023_supp1_candidates	griffin2023	1	Griffin_2023_Supp_Table_1_All_Candidate_Genes.csv	ARX
HGNC:18060	ARX	gencc_clingen_submitter_2026_08_10	gencc2022	1	GenCC_data_Aug10_2026	ARX
HGNC:18060	ARX	clingen_dosage_gene_2026_08_10	clingen_dosage	1	ClinGen_Dosage_GENE-only_10Aug26.csv	ARX
HGNC:195	ADAM17	griffin2023_supp1_candidates	griffin2023	1	Griffin_2023_Supp_Table_1_All_Candidate_Genes.csv	ADAM17
HGNC:195	ADAM17	griffin2023_supp2_curated	griffin2023	1	Griffin_2023_Supp_Table_2_All_Curated_Genes.csv	ADAM17
HGNC:195	ADAM17	griffin2023_curated_not_final	griffin2023	1	Griffin_2023_fully_curated_not_final_n196.csv	ADAM17
HGNC:195	ADAM17	gencc_clingen_submitter_2026_08_10	gencc2022	1	GenCC_data_Aug10_2026	ADAM17
HGNC:19088	ASH1L	griffin2023_supp1_candidates	griffin2023	1	Griffin_2023_Supp_Table_1_All_Candidate_Genes.csv	ASH1L
HGNC:19088	ASH1L	gencc_clingen_submitter_2026_08_10	gencc2022	1	GenCC_data_Aug10_2026	ASH1L
HGNC:19088	ASH1L	clingen_dosage_gene_2026_08_10	clingen_dosage	1	ClinGen_Dosage_GENE-only_10Aug26.csv	ASH1L
HGNC:13201	ADAMTS10	chdgene_2026_08_10	chdgene	1	CHDGENE_table_10Aug26.csv	ADAMTS10
HGNC:13201	ADAMTS10	griffin2023_table1_syndromic	griffin2023	1	Griffin_2023_table1_syndromic.csv	ADAMTS10
HGNC:13201	ADAMTS10	griffin2023_supp1_candidates	griffin2023	1	Griffin_2023_Supp_Table_1_All_Candidate_Genes.csv	ADAMTS10
HGNC:13201	ADAMTS10	griffin2023_supp2_curated	griffin2023	1	Griffin_2023_Supp_Table_2_All_Curated_Genes.csv	ADAMTS10
HGNC:13201	ADAMTS10	dong_recessive108	dong2025	1	Dong recessive 108	ADAMTS10
HGNC:18318	ASXL1	griffin2023_supp1_candidates	griffin2023	1	Griffin_2023_Supp_Table_1_All_Candidate_Genes.csv	ASXL1
HGNC:18318	ASXL1	gencc_clingen_submitter_2026_08_10	gencc2022	1	GenCC_data_Aug10_2026	ASXL1
HGNC:18318	ASXL1	clingen_dosage_gene_2026_08_10	clingen_dosage	1	ClinGen_Dosage_GENE-only_10Aug26.csv	ASXL1
HGNC:17111	ADAMTS19	chdgene_2026_08_10	chdgene	1	CHDGENE_table_10Aug26.csv	ADAMTS19
HGNC:23805	ASXL2	griffin2023_supp1_candidates	griffin2023	1	Griffin_2023_Supp_Table_1_All_Candidate_Genes.csv	ASXL2
HGNC:23805	ASXL2	gencc_clingen_submitter_2026_08_10	gencc2022	1	GenCC_data_Aug10_2026	ASXL2
HGNC:23805	ASXL2	clingen_dosage_gene_2026_08_10	clingen_dosage	1	ClinGen_Dosage_GENE-only_10Aug26.csv	ASXL2
HGNC:14631	ADAMTSL2	dong_recessive108	dong2025	1	Dong recessive 108	ADAMTSL2
HGNC:14631	ADAMTSL2	clingen_dosage_gene_2026_08_10	clingen_dosage	1	ClinGen_Dosage_GENE-only_10Aug26.csv	ADAMTSL2
HGNC:782	ATE1	griffin2023_supp1_candidates	griffin2023	1	Griffin_2023_Supp_Table_1_All_Candidate_Genes.csv	ATE1
HGNC:782	ATE1	griffin2023_supp2_curated	griffin2023	1	Griffin_2023_Supp_Table_2_All_Curated_Genes.csv	ATE1
HGNC:782	ATE1	griffin2023_curated_not_final	griffin2023	1	Griffin_2023_fully_curated_not_final_n196.csv	ATE1
HGNC:15766	ADNP	griffin2023_supp1_candidates	griffin2023	1	Griffin_2023_Supp_Table_1_All_Candidate_Genes.csv	ADNP
HGNC:15766	ADNP	gencc_clingen_submitter_2026_08_10	gencc2022	1	GenCC_data_Aug10_2026	ADNP
HGNC:15766	ADNP	clingen_dosage_gene_2026_08_10	clingen_dosage	1	ClinGen_Dosage_GENE-only_10Aug26.csv	ADNP
HGNC:794	ATIC	griffin2023_supp1_candidates	griffin2023	1	Griffin_2023_Supp_Table_1_All_Candidate_Genes.csv	ATIC
HGNC:794	ATIC	dong_recessive108	dong2025	1	Dong recessive 108	ATIC
HGNC:794	ATIC	dong_observed_recessive23	dong2025	1	Dong observed recessive 23	ATIC
HGNC:17869	AFF4	chdgene_2026_08_10	chdgene	1	CHDGENE_table_10Aug26.csv	AFF4
HGNC:800	ATP1A2	griffin2023_supp1_candidates	griffin2023	1	Griffin_2023_Supp_Table_1_All_Candidate_Genes.csv	ATP1A2
HGNC:800	ATP1A2	gencc_clingen_submitter_2026_08_10	gencc2022	1	GenCC_data_Aug10_2026	ATP1A2
HGNC:24684	AGGF1	griffin2023_supp1_candidates	griffin2023	1	Griffin_2023_Supp_Table_1_All_Candidate_Genes.csv	AGGF1
HGNC:24684	AGGF1	griffin2023_supp2_curated	griffin2023	1	Griffin_2023_Supp_Table_2_All_Curated_Genes.csv	AGGF1
HGNC:24684	AGGF1	griffin2023_curated_not_final	griffin2023	1	Griffin_2023_fully_curated_not_final_n196.csv	AGGF1
HGNC:819	ATP4A	griffin2023_supp1_candidates	griffin2023	1	Griffin_2023_Supp_Table_1_All_Candidate_Genes.csv	ATP4A
HGNC:33784	AGMO	griffin2023_supp1_candidates	griffin2023	1	Griffin_2023_Supp_Table_1_All_Candidate_Genes.csv	AGMO
HGNC:820	ATP4B	griffin2023_supp1_candidates	griffin2023	1	Griffin_2023_Supp_Table_1_All_Candidate_Genes.csv	ATP4B
HGNC:347	AHNAK	sierant_dominant60	sierant2025	1	Sierant dominant 60	AHNAK
HGNC:851	ATP6V1A	dong_recessive108	dong2025	1	Dong recessive 108	ATP6V1A
HGNC:851	ATP6V1A	gencc_clingen_submitter_2026_08_10	gencc2022	1	GenCC_data_Aug10_2026	ATP6V1A
HGNC:20437	AHSA2P	griffin2023_supp1_candidates	griffin2023	1	Griffin_2023_Supp_Table_1_All_Candidate_Genes.csv	AHSA2
HGNC:886	ATRX	griffin2023_supp1_candidates	griffin2023	1	Griffin_2023_Supp_Table_1_All_Candidate_Genes.csv	ATRX
HGNC:886	ATRX	griffin2023_supp2_curated	griffin2023	1	Griffin_2023_Supp_Table_2_All_Curated_Genes.csv	ATRX
HGNC:886	ATRX	griffin2023_curated_not_final	griffin2023	1	Griffin_2023_fully_curated_not_final_n196.csv	ATRX
HGNC:886	ATRX	clingen_dosage_gene_2026_08_10	clingen_dosage	1	ClinGen_Dosage_GENE-only_10Aug26.csv	ATRX
HGNC:402	ALDH1A1	griffin2023_supp1_candidates	griffin2023	1	Griffin_2023_Supp_Table_1_All_Candidate_Genes.csv	ALDH1A1
HGNC:17978	B3GALT6	griffin2023_supp1_candidates	griffin2023	1	Griffin_2023_Supp_Table_1_All_Candidate_Genes.csv	B3GALT6
HGNC:17978	B3GALT6	dong_recessive108	dong2025	1	Dong recessive 108	B3GALT6
HGNC:17978	B3GALT6	gencc_clingen_submitter_2026_08_10	gencc2022	1	GenCC_data_Aug10_2026	B3GALT6
HGNC:17978	B3GALT6	clingen_dosage_gene_2026_08_10	clingen_dosage	1	ClinGen_Dosage_GENE-only_10Aug26.csv	B3GALT6
HGNC:15472	ALDH1A2	chdgene_2026_08_10	chdgene	1	CHDGENE_table_10Aug26.csv	ALDH1A2
HGNC:15472	ALDH1A2	griffin2023_supp1_candidates	griffin2023	1	Griffin_2023_Supp_Table_1_All_Candidate_Genes.csv	ALDH1A2
HGNC:923	B3GAT3	chdgene_2026_08_10	chdgene	1	CHDGENE_table_10Aug26.csv	B3GAT3
HGNC:923	B3GAT3	griffin2023_table1_syndromic	griffin2023	1	Griffin_2023_table1_syndromic.csv	B3GAT3
HGNC:923	B3GAT3	griffin2023_supp1_candidates	griffin2023	1	Griffin_2023_Supp_Table_1_All_Candidate_Genes.csv	B3GAT3
HGNC:923	B3GAT3	griffin2023_supp2_curated	griffin2023	1	Griffin_2023_Supp_Table_2_All_Curated_Genes.csv	B3GAT3
HGNC:923	B3GAT3	dong_recessive108	dong2025	1	Dong recessive 108	B3GAT3
HGNC:449	ALX3	griffin2023_supp1_candidates	griffin2023	1	Griffin_2023_Supp_Table_1_All_Candidate_Genes.csv	ALX3
HGNC:449	ALX3	gencc_clingen_submitter_2026_08_10	gencc2022	1	GenCC_data_Aug10_2026	ALX3
HGNC:20207	B3GLCT	griffin2023_table1_syndromic	griffin2023	1	Griffin_2023_table1_syndromic.csv	B3GALTL;B3GLCT
HGNC:20207	B3GLCT	griffin2023_supp1_candidates	griffin2023	1	Griffin_2023_Supp_Table_1_All_Candidate_Genes.csv	B3GALTL;B3GLCT
HGNC:20207	B3GLCT	griffin2023_supp2_curated	griffin2023	1	Griffin_2023_Supp_Table_2_All_Curated_Genes.csv	B3GALTL;B3GLCT
HGNC:20207	B3GLCT	dong_recessive108	dong2025	1	Dong recessive 108	B3GALTL;B3GLCT
HGNC:20207	B3GLCT	gencc_clingen_submitter_2026_08_10	gencc2022	1	GenCC_data_Aug10_2026	B3GALTL;B3GLCT
HGNC:26837	AMER1	griffin2023_supp1_candidates	griffin2023	1	Griffin_2023_Supp_Table_1_All_Candidate_Genes.csv	AMER1
HGNC:26837	AMER1	gencc_clingen_submitter_2026_08_10	gencc2022	1	GenCC_data_Aug10_2026	AMER1
HGNC:966	BBS1	griffin2023_supp1_candidates	griffin2023	1	Griffin_2023_Supp_Table_1_All_Candidate_Genes.csv	BBS1
HGNC:966	BBS1	gencc_clingen_submitter_2026_08_10	gencc2022	1	GenCC_data_Aug10_2026	BBS1
HGNC:17811	AMOTL1	chdgene_2026_08_10	chdgene	1	CHDGENE_table_10Aug26.csv	AMOTL1
HGNC:26291	BBS10	griffin2023_supp1_candidates	griffin2023	1	Griffin_2023_Supp_Table_1_All_Candidate_Genes.csv	BBS10
HGNC:26291	BBS10	griffin2023_supp2_curated	griffin2023	1	Griffin_2023_Supp_Table_2_All_Curated_Genes.csv	BBS10
HGNC:26291	BBS10	griffin2023_curated_not_final	griffin2023	1	Griffin_2023_fully_curated_not_final_n196.csv	BBS10
HGNC:26291	BBS10	gencc_clingen_submitter_2026_08_10	gencc2022	1	GenCC_data_Aug10_2026	BBS10
HGNC:24077	ANAPC10	griffin2023_supp1_candidates	griffin2023	1	Griffin_2023_Supp_Table_1_All_Candidate_Genes.csv	ANAPC10
HGNC:26648	BBS12	griffin2023_supp1_candidates	griffin2023	1	Griffin_2023_Supp_Table_1_All_Candidate_Genes.csv	BBS12
HGNC:26648	BBS12	griffin2023_supp2_curated	griffin2023	1	Griffin_2023_Supp_Table_2_All_Curated_Genes.csv	BBS12
HGNC:26648	BBS12	griffin2023_curated_not_final	griffin2023	1	Griffin_2023_fully_curated_not_final_n196.csv	BBS12
HGNC:26648	BBS12	gencc_clingen_submitter_2026_08_10	gencc2022	1	GenCC_data_Aug10_2026	BBS12
HGNC:26648	BBS12	clingen_dosage_gene_2026_08_10	clingen_dosage	1	ClinGen_Dosage_GENE-only_10Aug26.csv	BBS12
HGNC:484	ANGPT1	griffin2023_supp1_candidates	griffin2023	1	Griffin_2023_Supp_Table_1_All_Candidate_Genes.csv	ANGPT1
HGNC:484	ANGPT1	gencc_clingen_submitter_2026_08_10	gencc2022	1	GenCC_data_Aug10_2026	ANGPT1
HGNC:967	BBS2	griffin2023_table1_syndromic	griffin2023	1	Griffin_2023_table1_syndromic.csv	BBS2
HGNC:967	BBS2	griffin2023_supp1_candidates	griffin2023	1	Griffin_2023_Supp_Table_1_All_Candidate_Genes.csv	BBS2
HGNC:967	BBS2	griffin2023_supp2_curated	griffin2023	1	Griffin_2023_Supp_Table_2_All_Curated_Genes.csv	BBS2
HGNC:967	BBS2	dong_recessive108	dong2025	1	Dong recessive 108	BBS2
HGNC:967	BBS2	gencc_clingen_submitter_2026_08_10	gencc2022	1	GenCC_data_Aug10_2026	BBS2
HGNC:15819	ANKRD1	griffin2023_supp1_candidates	griffin2023	1	Griffin_2023_Supp_Table_1_All_Candidate_Genes.csv	ANKRD1
HGNC:15819	ANKRD1	gencc_clingen_submitter_2026_08_10	gencc2022	1	GenCC_data_Aug10_2026	ANKRD1
HGNC:969	BBS4	griffin2023_supp1_candidates	griffin2023	1	Griffin_2023_Supp_Table_1_All_Candidate_Genes.csv	BBS4
HGNC:21316	ANKRD11	chdgene_2026_08_10	chdgene	1	CHDGENE_table_10Aug26.csv	ANKRD11
HGNC:21316	ANKRD11	griffin2023_supp1_candidates	griffin2023	1	Griffin_2023_Supp_Table_1_All_Candidate_Genes.csv	ANKRD11
HGNC:21316	ANKRD11	griffin2023_supp2_curated	griffin2023	1	Griffin_2023_Supp_Table_2_All_Curated_Genes.csv	ANKRD11
HGNC:21316	ANKRD11	griffin2023_curated_not_final	griffin2023	1	Griffin_2023_fully_curated_not_final_n196.csv	ANKRD11
HGNC:21316	ANKRD11	sierant_dominant60	sierant2025	1	Sierant dominant 60	ANKRD11
HGNC:21316	ANKRD11	clingen_dosage_gene_2026_08_10	clingen_dosage	1	ClinGen_Dosage_GENE-only_10Aug26.csv	ANKRD11
HGNC:970	BBS5	griffin2023_supp1_candidates	griffin2023	1	Griffin_2023_Supp_Table_1_All_Candidate_Genes.csv	BBS5
HGNC:970	BBS5	gencc_clingen_submitter_2026_08_10	gencc2022	1	GenCC_data_Aug10_2026	BBS5
HGNC:970	BBS5	clingen_dosage_gene_2026_08_10	clingen_dosage	1	ClinGen_Dosage_GENE-only_10Aug26.csv	BBS5
HGNC:26724	ANKS6	griffin2023_supp1_candidates	griffin2023	1	Griffin_2023_Supp_Table_1_All_Candidate_Genes.csv	ANKS6
HGNC:26724	ANKS6	dong_recessive108	dong2025	1	Dong recessive 108	ANKS6
HGNC:26724	ANKS6	clingen_dosage_gene_2026_08_10	clingen_dosage	1	ClinGen_Dosage_GENE-only_10Aug26.csv	ANKS6
HGNC:18758	BBS7	griffin2023_supp1_candidates	griffin2023	1	Griffin_2023_Supp_Table_1_All_Candidate_Genes.csv	BBS7
HGNC:18758	BBS7	gencc_clingen_submitter_2026_08_10	gencc2022	1	GenCC_data_Aug10_2026	BBS7
HGNC:18758	BBS7	clingen_dosage_gene_2026_08_10	clingen_dosage	1	ClinGen_Dosage_GENE-only_10Aug26.csv	BBS7
HGNC:605	APOBEC2	griffin2023_supp1_candidates	griffin2023	1	Griffin_2023_Supp_Table_1_All_Candidate_Genes.csv	APOBEC2
HGNC:30000	BBS9	griffin2023_supp1_candidates	griffin2023	1	Griffin_2023_Supp_Table_1_All_Candidate_Genes.csv	BBS9
HGNC:30000	BBS9	gencc_clingen_submitter_2026_08_10	gencc2022	1	GenCC_data_Aug10_2026	BBS9
HGNC:29216	ARHGAP31	griffin2023_supp1_candidates	griffin2023	1	Griffin_2023_Supp_Table_1_All_Candidate_Genes.csv	ARHGAP31
HGNC:29216	ARHGAP31	griffin2023_supp2_curated	griffin2023	1	Griffin_2023_Supp_Table_2_All_Curated_Genes.csv	ARHGAP31
HGNC:29216	ARHGAP31	griffin2023_curated_not_final	griffin2023	1	Griffin_2023_fully_curated_not_final_n196.csv	ARHGAP31
HGNC:29216	ARHGAP31	clingen_dosage_gene_2026_08_10	clingen_dosage	1	ClinGen_Dosage_GENE-only_10Aug26.csv	ARHGAP31
HGNC:13221	BCL11A	griffin2023_supp1_candidates	griffin2023	1	Griffin_2023_Supp_Table_1_All_Candidate_Genes.csv	BCL11A
HGNC:13221	BCL11A	gencc_clingen_submitter_2026_08_10	gencc2022	1	GenCC_data_Aug10_2026	BCL11A
HGNC:13221	BCL11A	clingen_dosage_gene_2026_08_10	clingen_dosage	1	ClinGen_Dosage_GENE-only_10Aug26.csv	BCL11A
HGNC:11110	ARID1A	chdgene_2026_08_10	chdgene	1	CHDGENE_table_10Aug26.csv	ARID1A
HGNC:11110	ARID1A	griffin2023_supp1_candidates	griffin2023	1	Griffin_2023_Supp_Table_1_All_Candidate_Genes.csv	ARID1A
HGNC:11110	ARID1A	griffin2023_supp2_curated	griffin2023	1	Griffin_2023_Supp_Table_2_All_Curated_Genes.csv	ARID1A
HGNC:11110	ARID1A	griffin2023_curated_not_final	griffin2023	1	Griffin_2023_fully_curated_not_final_n196.csv	ARID1A
HGNC:11110	ARID1A	gencc_clingen_submitter_2026_08_10	gencc2022	1	GenCC_data_Aug10_2026	ARID1A
HGNC:11110	ARID1A	clingen_dosage_gene_2026_08_10	clingen_dosage	1	ClinGen_Dosage_GENE-only_10Aug26.csv	ARID1A
HGNC:1001	BCL6	griffin2023_supp1_candidates	griffin2023	1	Griffin_2023_Supp_Table_1_All_Candidate_Genes.csv	BCL6
HGNC:18040	ARID1B	chdgene_2026_08_10	chdgene	1	CHDGENE_table_10Aug26.csv	ARID1B
HGNC:18040	ARID1B	griffin2023_table1_syndromic	griffin2023	1	Griffin_2023_table1_syndromic.csv	ARID1B
HGNC:18040	ARID1B	griffin2023_supp1_candidates	griffin2023	1	Griffin_2023_Supp_Table_1_All_Candidate_Genes.csv	ARID1B
HGNC:18040	ARID1B	griffin2023_supp2_curated	griffin2023	1	Griffin_2023_Supp_Table_2_All_Curated_Genes.csv	ARID1B
HGNC:18040	ARID1B	griffin2023_supp3_denovo	griffin2023	1	Griffin_2023_Supp_Table_3_Curated_De_Novo Variants.csv	ARID1B
HGNC:18040	ARID1B	gencc_clingen_submitter_2026_08_10	gencc2022	1	GenCC_data_Aug10_2026	ARID1B
HGNC:18040	ARID1B	clingen_dosage_gene_2026_08_10	clingen_dosage	1	ClinGen_Dosage_GENE-only_10Aug26.csv	ARID1B
HGNC:1008	BCL9	griffin2023_supp1_candidates	griffin2023	1	Griffin_2023_Supp_Table_1_All_Candidate_Genes.csv	BCL9
HGNC:1008	BCL9	griffin2023_supp2_curated	griffin2023	1	Griffin_2023_Supp_Table_2_All_Curated_Genes.csv	BCL9
HGNC:1008	BCL9	griffin2023_curated_not_final	griffin2023	1	Griffin_2023_fully_curated_not_final_n196.csv	BCL9
HGNC:25419	ARL13B	griffin2023_supp1_candidates	griffin2023	1	Griffin_2023_Supp_Table_1_All_Candidate_Genes.csv	ARL13B
HGNC:20893	BCOR	chdgene_2026_08_10	chdgene	1	CHDGENE_table_10Aug26.csv	BCOR
HGNC:20893	BCOR	griffin2023_table1_syndromic	griffin2023	1	Griffin_2023_table1_syndromic.csv	BCOR
HGNC:20893	BCOR	griffin2023_supp1_candidates	griffin2023	1	Griffin_2023_Supp_Table_1_All_Candidate_Genes.csv	BCOR
HGNC:20893	BCOR	griffin2023_supp2_curated	griffin2023	1	Griffin_2023_Supp_Table_2_All_Curated_Genes.csv	BCOR
HGNC:20893	BCOR	gencc_clingen_submitter_2026_08_10	gencc2022	1	GenCC_data_Aug10_2026	BCOR
HGNC:20893	BCOR	clingen_dosage_gene_2026_08_10	clingen_dosage	1	ClinGen_Dosage_GENE-only_10Aug26.csv	BCOR
HGNC:13210	ARL6	griffin2023_supp1_candidates	griffin2023	1	Griffin_2023_Supp_Table_1_All_Candidate_Genes.csv	ARL6
HGNC:13210	ARL6	clingen_dosage_gene_2026_08_10	clingen_dosage	1	ClinGen_Dosage_GENE-only_10Aug26.csv	ARL6
HGNC:19351	BICC1	griffin2023_supp1_candidates	griffin2023	1	Griffin_2023_Supp_Table_1_All_Candidate_Genes.csv	BICC1
HGNC:19351	BICC1	gencc_clingen_submitter_2026_08_10	gencc2022	1	GenCC_data_Aug10_2026	BICC1
HGNC:1067	BMP1	griffin2023_supp1_candidates	griffin2023	1	Griffin_2023_Supp_Table_1_All_Candidate_Genes.csv	BMP1
HGNC:20869	BMP10	griffin2023_supp1_candidates	griffin2023	1	Griffin_2023_Supp_Table_1_All_Candidate_Genes.csv	BMP10
HGNC:20869	BMP10	griffin2023_supp2_curated	griffin2023	1	Griffin_2023_Supp_Table_2_All_Curated_Genes.csv	BMP10
HGNC:20869	BMP10	griffin2023_curated_not_final	griffin2023	1	Griffin_2023_fully_curated_not_final_n196.csv	BMP10
HGNC:20869	BMP10	gencc_clingen_submitter_2026_08_10	gencc2022	1	GenCC_data_Aug10_2026	BMP10
HGNC:1069	BMP2	chdgene_2026_08_10	chdgene	1	CHDGENE_table_10Aug26.csv	BMP2
HGNC:1069	BMP2	griffin2023_supp1_candidates	griffin2023	1	Griffin_2023_Supp_Table_1_All_Candidate_Genes.csv	BMP2
HGNC:1069	BMP2	griffin2023_supp2_curated	griffin2023	1	Griffin_2023_Supp_Table_2_All_Curated_Genes.csv	BMP2
HGNC:1069	BMP2	griffin2023_curated_not_final	griffin2023	1	Griffin_2023_fully_curated_not_final_n196.csv	BMP2
HGNC:1071	BMP4	griffin2023_supp1_candidates	griffin2023	1	Griffin_2023_Supp_Table_1_All_Candidate_Genes.csv	BMP4
HGNC:1071	BMP4	griffin2023_supp2_curated	griffin2023	1	Griffin_2023_Supp_Table_2_All_Curated_Genes.csv	BMP4
HGNC:1071	BMP4	griffin2023_curated_not_final	griffin2023	1	Griffin_2023_fully_curated_not_final_n196.csv	BMP4
HGNC:1071	BMP4	gencc_clingen_submitter_2026_08_10	gencc2022	1	GenCC_data_Aug10_2026	BMP4
HGNC:1071	BMP4	clingen_dosage_gene_2026_08_10	clingen_dosage	1	ClinGen_Dosage_GENE-only_10Aug26.csv	BMP4
HGNC:1072	BMP5	griffin2023_supp1_candidates	griffin2023	1	Griffin_2023_Supp_Table_1_All_Candidate_Genes.csv	BMP5
HGNC:1073	BMP6	griffin2023_supp1_candidates	griffin2023	1	Griffin_2023_Supp_Table_1_All_Candidate_Genes.csv	BMP6
HGNC:1073	BMP6	gencc_clingen_submitter_2026_08_10	gencc2022	1	GenCC_data_Aug10_2026	BMP6
HGNC:1074	BMP7	griffin2023_supp1_candidates	griffin2023	1	Griffin_2023_Supp_Table_1_All_Candidate_Genes.csv	BMP7
HGNC:1076	BMPR1A	griffin2023_supp1_candidates	griffin2023	1	Griffin_2023_Supp_Table_1_All_Candidate_Genes.csv	BMPR1A
HGNC:1076	BMPR1A	griffin2023_supp2_curated	griffin2023	1	Griffin_2023_Supp_Table_2_All_Curated_Genes.csv	BMPR1A
HGNC:1076	BMPR1A	griffin2023_curated_not_final	griffin2023	1	Griffin_2023_fully_curated_not_final_n196.csv	BMPR1A
HGNC:1076	BMPR1A	gencc_clingen_submitter_2026_08_10	gencc2022	1	GenCC_data_Aug10_2026	BMPR1A
HGNC:1076	BMPR1A	clingen_dosage_gene_2026_08_10	clingen_dosage	1	ClinGen_Dosage_GENE-only_10Aug26.csv	BMPR1A
HGNC:1077	BMPR1B	griffin2023_supp1_candidates	griffin2023	1	Griffin_2023_Supp_Table_1_All_Candidate_Genes.csv	BMPR1B
HGNC:1077	BMPR1B	gencc_clingen_submitter_2026_08_10	gencc2022	1	GenCC_data_Aug10_2026	BMPR1B
HGNC:18292	CFC1	chdgene_2026_08_10	chdgene	1	CHDGENE_table_10Aug26.csv	CFC1
HGNC:18292	CFC1	griffin2023_supp1_candidates	griffin2023	1	Griffin_2023_Supp_Table_1_All_Candidate_Genes.csv	CFC1
HGNC:18292	CFC1	griffin2023_supp2_curated	griffin2023	1	Griffin_2023_Supp_Table_2_All_Curated_Genes.csv	CFC1
HGNC:18292	CFC1	griffin2023_curated_not_final	griffin2023	1	Griffin_2023_fully_curated_not_final_n196.csv	CFC1
HGNC:18292	CFC1	clingen_dosage_gene_2026_08_10	clingen_dosage	1	ClinGen_Dosage_GENE-only_10Aug26.csv	CFC1
HGNC:1078	BMPR2	chdgene_2026_08_10	chdgene	1	CHDGENE_table_10Aug26.csv	BMPR2
HGNC:1078	BMPR2	griffin2023_supp1_candidates	griffin2023	1	Griffin_2023_Supp_Table_1_All_Candidate_Genes.csv	BMPR2
HGNC:1078	BMPR2	griffin2023_supp2_curated	griffin2023	1	Griffin_2023_Supp_Table_2_All_Curated_Genes.csv	BMPR2
HGNC:1078	BMPR2	griffin2023_curated_not_final	griffin2023	1	Griffin_2023_fully_curated_not_final_n196.csv	BMPR2
HGNC:1078	BMPR2	gencc_clingen_submitter_2026_08_10	gencc2022	1	GenCC_data_Aug10_2026	BMPR2
HGNC:1078	BMPR2	clingen_dosage_gene_2026_08_10	clingen_dosage	1	ClinGen_Dosage_GENE-only_10Aug26.csv	BMPR2
HGNC:33983	CFC1B	griffin2023_supp1_candidates	griffin2023	1	Griffin_2023_Supp_Table_1_All_Candidate_Genes.csv	CFC1B
HGNC:1097	BRAF	chdgene_2026_08_10	chdgene	1	CHDGENE_table_10Aug26.csv	BRAF
HGNC:1097	BRAF	griffin2023_table1_syndromic	griffin2023	1	Griffin_2023_table1_syndromic.csv	BRAF
HGNC:1097	BRAF	griffin2023_supp1_candidates	griffin2023	1	Griffin_2023_Supp_Table_1_All_Candidate_Genes.csv	BRAF
HGNC:1097	BRAF	griffin2023_supp2_curated	griffin2023	1	Griffin_2023_Supp_Table_2_All_Curated_Genes.csv	BRAF
HGNC:1097	BRAF	griffin2023_supp3_denovo	griffin2023	1	Griffin_2023_Supp_Table_3_Curated_De_Novo Variants.csv	BRAF
HGNC:1097	BRAF	sierant_dominant60	sierant2025	1	Sierant dominant 60	BRAF
HGNC:1097	BRAF	gencc_clingen_submitter_2026_08_10	gencc2022	1	GenCC_data_Aug10_2026	BRAF
HGNC:1097	BRAF	clingen_dosage_gene_2026_08_10	clingen_dosage	1	ClinGen_Dosage_GENE-only_10Aug26.csv	BRAF
HGNC:1916	CHD1L	griffin2023_supp1_candidates	griffin2023	1	Griffin_2023_Supp_Table_1_All_Candidate_Genes.csv	CHD1L
HGNC:1916	CHD1L	gencc_clingen_submitter_2026_08_10	gencc2022	1	GenCC_data_Aug10_2026	CHD1L
HGNC:1916	CHD1L	clingen_dosage_gene_2026_08_10	clingen_dosage	1	ClinGen_Dosage_GENE-only_10Aug26.csv	CHD1L
HGNC:1121	BTC	griffin2023_supp1_candidates	griffin2023	1	Griffin_2023_Supp_Table_1_All_Candidate_Genes.csv	BTC
HGNC:1919	CHD4	chdgene_2026_08_10	chdgene	1	CHDGENE_table_10Aug26.csv	CHD4
HGNC:1919	CHD4	griffin2023_table1_syndromic	griffin2023	1	Griffin_2023_table1_syndromic.csv	CHD4
HGNC:1919	CHD4	griffin2023_supp1_candidates	griffin2023	1	Griffin_2023_Supp_Table_1_All_Candidate_Genes.csv	CHD4
HGNC:1919	CHD4	griffin2023_supp2_curated	griffin2023	1	Griffin_2023_Supp_Table_2_All_Curated_Genes.csv	CHD4
HGNC:1919	CHD4	griffin2023_supp3_denovo	griffin2023	1	Griffin_2023_Supp_Table_3_Curated_De_Novo Variants.csv	CHD4
HGNC:1919	CHD4	sierant_dominant60	sierant2025	1	Sierant dominant 60	CHD4
HGNC:1919	CHD4	gencc_clingen_submitter_2026_08_10	gencc2022	1	GenCC_data_Aug10_2026	CHD4
HGNC:1919	CHD4	clingen_dosage_gene_2026_08_10	clingen_dosage	1	ClinGen_Dosage_GENE-only_10Aug26.csv	CHD4
HGNC:1149	BUB1B	griffin2023_supp1_candidates	griffin2023	1	Griffin_2023_Supp_Table_1_All_Candidate_Genes.csv	BUB1B
HGNC:1149	BUB1B	gencc_clingen_submitter_2026_08_10	gencc2022	1	GenCC_data_Aug10_2026	BUB1B
HGNC:1149	BUB1B	clingen_dosage_gene_2026_08_10	clingen_dosage	1	ClinGen_Dosage_GENE-only_10Aug26.csv	BUB1B
HGNC:20626	CHD7	chdgene_2026_08_10	chdgene	1	CHDGENE_table_10Aug26.csv	CHD7
HGNC:20626	CHD7	griffin2023_table1_syndromic	griffin2023	1	Griffin_2023_table1_syndromic.csv	CHD7
HGNC:20626	CHD7	griffin2023_supp1_candidates	griffin2023	1	Griffin_2023_Supp_Table_1_All_Candidate_Genes.csv	CHD7
HGNC:20626	CHD7	griffin2023_supp2_curated	griffin2023	1	Griffin_2023_Supp_Table_2_All_Curated_Genes.csv	CHD7
HGNC:20626	CHD7	griffin2023_supp3_denovo	griffin2023	1	Griffin_2023_Supp_Table_3_Curated_De_Novo Variants.csv	CHD7
HGNC:20626	CHD7	griffin2023_supp4_lof	griffin2023	1	Griffin_2023_Supp_Table_4_Curated_LoF_Variants.csv	CHD7
HGNC:20626	CHD7	sierant_dominant60	sierant2025	1	Sierant dominant 60	CHD7
HGNC:20626	CHD7	gencc_clingen_submitter_2026_08_10	gencc2022	1	GenCC_data_Aug10_2026	CHD7
HGNC:20626	CHD7	clingen_dosage_gene_2026_08_10	clingen_dosage	1	ClinGen_Dosage_GENE-only_10Aug26.csv	CHD7
HGNC:24564	C2CD3	griffin2023_supp1_candidates	griffin2023	1	Griffin_2023_Supp_Table_1_All_Candidate_Genes.csv	C2CD3;KIAA1841
HGNC:24564	C2CD3	dong_recessive108	dong2025	1	Dong recessive 108	C2CD3;KIAA1841
HGNC:20153	CHD8	griffin2023_supp1_candidates	griffin2023	1	Griffin_2023_Supp_Table_1_All_Candidate_Genes.csv	CHD8
HGNC:20153	CHD8	gencc_clingen_submitter_2026_08_10	gencc2022	1	GenCC_data_Aug10_2026	CHD8
HGNC:20153	CHD8	clingen_dosage_gene_2026_08_10	clingen_dosage	1	ClinGen_Dosage_GENE-only_10Aug26.csv	CHD8
HGNC:1388	CACNA1A	sierant_dominant60	sierant2025	1	Sierant dominant 60	CACNA1A
HGNC:1388	CACNA1A	clingen_dosage_gene_2026_08_10	clingen_dosage	1	ClinGen_Dosage_GENE-only_10Aug26.csv	CACNA1A
HGNC:13544	CHRAC1	griffin2023_supp1_candidates	griffin2023	1	Griffin_2023_Supp_Table_1_All_Candidate_Genes.csv	CHRAC1
HGNC:1390	CACNA1C	griffin2023_supp1_candidates	griffin2023	1	Griffin_2023_Supp_Table_1_All_Candidate_Genes.csv	CACNA1C
HGNC:1390	CACNA1C	griffin2023_supp2_curated	griffin2023	1	Griffin_2023_Supp_Table_2_All_Curated_Genes.csv	CACNA1C
HGNC:1390	CACNA1C	griffin2023_curated_not_final	griffin2023	1	Griffin_2023_fully_curated_not_final_n196.csv	CACNA1C
HGNC:1390	CACNA1C	gencc_clingen_submitter_2026_08_10	gencc2022	1	GenCC_data_Aug10_2026	CACNA1C
HGNC:1390	CACNA1C	clingen_dosage_gene_2026_08_10	clingen_dosage	1	ClinGen_Dosage_GENE-only_10Aug26.csv	CACNA1C
HGNC:1949	CHRD	griffin2023_supp1_candidates	griffin2023	1	Griffin_2023_Supp_Table_1_All_Candidate_Genes.csv	CHRD
HGNC:1949	CHRD	griffin2023_supp2_curated	griffin2023	1	Griffin_2023_Supp_Table_2_All_Curated_Genes.csv	CHRD
HGNC:1949	CHRD	griffin2023_curated_not_final	griffin2023	1	Griffin_2023_fully_curated_not_final_n196.csv	CHRD
HGNC:1541	CBL	griffin2023_supp1_candidates	griffin2023	1	Griffin_2023_Supp_Table_1_All_Candidate_Genes.csv	CBL
HGNC:1541	CBL	griffin2023_supp2_curated	griffin2023	1	Griffin_2023_Supp_Table_2_All_Curated_Genes.csv	CBL
HGNC:1541	CBL	griffin2023_curated_not_final	griffin2023	1	Griffin_2023_fully_curated_not_final_n196.csv	CBL
HGNC:1541	CBL	clingen_dosage_gene_2026_08_10	clingen_dosage	1	ClinGen_Dosage_GENE-only_10Aug26.csv	CBL
HGNC:24464	CHST14	chdgene_2026_08_10	chdgene	1	CHDGENE_table_10Aug26.csv	CHST14
HGNC:24464	CHST14	dong_recessive108	dong2025	1	Dong recessive 108	CHST14
HGNC:24464	CHST14	gencc_clingen_submitter_2026_08_10	gencc2022	1	GenCC_data_Aug10_2026	CHST14
HGNC:29426	CCBE1	griffin2023_supp1_candidates	griffin2023	1	Griffin_2023_Supp_Table_1_All_Candidate_Genes.csv	CCBE1
HGNC:29426	CCBE1	clingen_dosage_gene_2026_08_10	clingen_dosage	1	ClinGen_Dosage_GENE-only_10Aug26.csv	CCBE1
HGNC:1971	CHST3	griffin2023_supp1_candidates	griffin2023	1	Griffin_2023_Supp_Table_1_All_Candidate_Genes.csv	CHST3
HGNC:1971	CHST3	dong_recessive108	dong2025	1	Dong recessive 108	CHST3
HGNC:28033	CCDC174	dong_recessive108	dong2025	1	Dong recessive 108	CCDC174
HGNC:53647	CIROP	chdgene_2026_08_10	chdgene	1	CHDGENE_table_10Aug26.csv	CIROP
HGNC:28909	CCDC22	chdgene_2026_08_10	chdgene	1	CHDGENE_table_10Aug26.csv	CCDC22
HGNC:1987	CITED2	chdgene_2026_08_10	chdgene	1	CHDGENE_table_10Aug26.csv	CITED2
HGNC:1987	CITED2	griffin2023_table1_isolated	griffin2023	1	Griffin_2023_table1_isolated.csv	CITED2
HGNC:1987	CITED2	griffin2023_supp1_candidates	griffin2023	1	Griffin_2023_Supp_Table_1_All_Candidate_Genes.csv	CITED2
HGNC:1987	CITED2	griffin2023_supp2_curated	griffin2023	1	Griffin_2023_Supp_Table_2_All_Curated_Genes.csv	CITED2
HGNC:1987	CITED2	gencc_clingen_submitter_2026_08_10	gencc2022	1	GenCC_data_Aug10_2026	CITED2
HGNC:1987	CITED2	clingen_dosage_gene_2026_08_10	clingen_dosage	1	ClinGen_Dosage_GENE-only_10Aug26.csv	CITED2
HGNC:25244	CCDC39	griffin2023_table1_syndromic	griffin2023	1	Griffin_2023_table1_syndromic.csv	CCDC39
HGNC:25244	CCDC39	griffin2023_supp1_candidates	griffin2023	1	Griffin_2023_Supp_Table_1_All_Candidate_Genes.csv	CCDC39
HGNC:25244	CCDC39	griffin2023_supp2_curated	griffin2023	1	Griffin_2023_Supp_Table_2_All_Curated_Genes.csv	CCDC39
HGNC:25244	CCDC39	dong_recessive108	dong2025	1	Dong recessive 108	CCDC39
HGNC:25244	CCDC39	dong_observed_recessive23	dong2025	1	Dong observed recessive 23	CCDC39
HGNC:25244	CCDC39	gencc_clingen_submitter_2026_08_10	gencc2022	1	GenCC_data_Aug10_2026	CCDC39
HGNC:25244	CCDC39	clingen_dosage_gene_2026_08_10	clingen_dosage	1	ClinGen_Dosage_GENE-only_10Aug26.csv	CCDC39
HGNC:2049	CLDN7	griffin2023_supp1_candidates	griffin2023	1	Griffin_2023_Supp_Table_1_All_Candidate_Genes.csv	CLDN7
HGNC:26090	CCDC40	griffin2023_table1_syndromic	griffin2023	1	Griffin_2023_table1_syndromic.csv	CCDC40
HGNC:26090	CCDC40	griffin2023_supp1_candidates	griffin2023	1	Griffin_2023_Supp_Table_1_All_Candidate_Genes.csv	CCDC40
HGNC:26090	CCDC40	griffin2023_supp2_curated	griffin2023	1	Griffin_2023_Supp_Table_2_All_Curated_Genes.csv	CCDC40
HGNC:26090	CCDC40	dong_recessive108	dong2025	1	Dong recessive 108	CCDC40
HGNC:26090	CCDC40	gencc_clingen_submitter_2026_08_10	gencc2022	1	GenCC_data_Aug10_2026	CCDC40
HGNC:26090	CCDC40	clingen_dosage_gene_2026_08_10	clingen_dosage	1	ClinGen_Dosage_GENE-only_10Aug26.csv	CCDC40
HGNC:29094	CLUH	sierant_dominant60	sierant2025	1	Sierant dominant 60	CLUH
HGNC:28434	CCNQ	griffin2023_supp1_candidates	griffin2023	1	Griffin_2023_Supp_Table_1_All_Candidate_Genes.csv	CCNQ;FAM58A
HGNC:28434	CCNQ	clingen_dosage_gene_2026_08_10	clingen_dosage	1	ClinGen_Dosage_GENE-only_10Aug26.csv	CCNQ;FAM58A
HGNC:2096	CLUL1	griffin2023_supp1_candidates	griffin2023	1	Griffin_2023_Supp_Table_1_All_Candidate_Genes.csv	CLUL1
HGNC:1617	CCT4	griffin2023_supp1_candidates	griffin2023	1	Griffin_2023_Supp_Table_1_All_Candidate_Genes.csv	CCT4
HGNC:2195	COL18A1	griffin2023_supp1_candidates	griffin2023	1	Griffin_2023_Supp_Table_1_All_Candidate_Genes.csv	COL18A1
HGNC:2195	COL18A1	gencc_clingen_submitter_2026_08_10	gencc2022	1	GenCC_data_Aug10_2026	COL18A1
HGNC:16892	CD96	griffin2023_supp1_candidates	griffin2023	1	Griffin_2023_Supp_Table_1_All_Candidate_Genes.csv	CD96
HGNC:2197	COL1A1	griffin2023_supp1_candidates	griffin2023	1	Griffin_2023_Supp_Table_1_All_Candidate_Genes.csv	COL1A1
HGNC:2197	COL1A1	gencc_clingen_submitter_2026_08_10	gencc2022	1	GenCC_data_Aug10_2026	COL1A1
HGNC:2197	COL1A1	clingen_dosage_gene_2026_08_10	clingen_dosage	1	ClinGen_Dosage_GENE-only_10Aug26.csv	COL1A1
HGNC:16783	CDC73	griffin2023_supp1_candidates	griffin2023	1	Griffin_2023_Supp_Table_1_All_Candidate_Genes.csv	CDC73
HGNC:16783	CDC73	gencc_clingen_submitter_2026_08_10	gencc2022	1	GenCC_data_Aug10_2026	CDC73
HGNC:16783	CDC73	clingen_dosage_gene_2026_08_10	clingen_dosage	1	ClinGen_Dosage_GENE-only_10Aug26.csv	CDC73
HGNC:2198	COL1A2	griffin2023_supp1_candidates	griffin2023	1	Griffin_2023_Supp_Table_1_All_Candidate_Genes.csv	COL1A2
HGNC:2198	COL1A2	dong_recessive108	dong2025	1	Dong recessive 108	COL1A2
HGNC:2198	COL1A2	dong_observed_recessive23	dong2025	1	Dong observed recessive 23	COL1A2
HGNC:2198	COL1A2	gencc_clingen_submitter_2026_08_10	gencc2022	1	GenCC_data_Aug10_2026	COL1A2
HGNC:2198	COL1A2	clingen_dosage_gene_2026_08_10	clingen_dosage	1	ClinGen_Dosage_GENE-only_10Aug26.csv	COL1A2
HGNC:1759	CDH2	griffin2023_supp1_candidates	griffin2023	1	Griffin_2023_Supp_Table_1_All_Candidate_Genes.csv	CDH2
HGNC:1759	CDH2	griffin2023_supp2_curated	griffin2023	1	Griffin_2023_Supp_Table_2_All_Curated_Genes.csv	CDH2
HGNC:1759	CDH2	griffin2023_curated_not_final	griffin2023	1	Griffin_2023_fully_curated_not_final_n196.csv	CDH2
HGNC:1759	CDH2	gencc_clingen_submitter_2026_08_10	gencc2022	1	GenCC_data_Aug10_2026	CDH2
HGNC:2200	COL2A1	griffin2023_supp1_candidates	griffin2023	1	Griffin_2023_Supp_Table_1_All_Candidate_Genes.csv	COL2A1
HGNC:2200	COL2A1	gencc_clingen_submitter_2026_08_10	gencc2022	1	GenCC_data_Aug10_2026	COL2A1
HGNC:2200	COL2A1	clingen_dosage_gene_2026_08_10	clingen_dosage	1	ClinGen_Dosage_GENE-only_10Aug26.csv	COL2A1
HGNC:1733	CDK13	chdgene_2026_08_10	chdgene	1	CHDGENE_table_10Aug26.csv	CDK13
HGNC:1733	CDK13	griffin2023_table1_syndromic	griffin2023	1	Griffin_2023_table1_syndromic.csv	CDK13
HGNC:1733	CDK13	griffin2023_supp1_candidates	griffin2023	1	Griffin_2023_Supp_Table_1_All_Candidate_Genes.csv	CDK13
HGNC:1733	CDK13	griffin2023_supp2_curated	griffin2023	1	Griffin_2023_Supp_Table_2_All_Curated_Genes.csv	CDK13
HGNC:1733	CDK13	griffin2023_supp3_denovo	griffin2023	1	Griffin_2023_Supp_Table_3_Curated_De_Novo Variants.csv	CDK13
HGNC:1733	CDK13	sierant_dominant60	sierant2025	1	Sierant dominant 60	CDK13
HGNC:1733	CDK13	gencc_clingen_submitter_2026_08_10	gencc2022	1	GenCC_data_Aug10_2026	CDK13
HGNC:1733	CDK13	clingen_dosage_gene_2026_08_10	clingen_dosage	1	ClinGen_Dosage_GENE-only_10Aug26.csv	CDK13
HGNC:2201	COL3A1	griffin2023_supp1_candidates	griffin2023	1	Griffin_2023_Supp_Table_1_All_Candidate_Genes.csv	COL3A1
HGNC:2201	COL3A1	gencc_clingen_submitter_2026_08_10	gencc2022	1	GenCC_data_Aug10_2026	COL3A1
HGNC:2201	COL3A1	clingen_dosage_gene_2026_08_10	clingen_dosage	1	ClinGen_Dosage_GENE-only_10Aug26.csv	COL3A1
HGNC:1786	CDKN1C	griffin2023_supp1_candidates	griffin2023	1	Griffin_2023_Supp_Table_1_All_Candidate_Genes.csv	CDKN1C
HGNC:1786	CDKN1C	griffin2023_supp2_curated	griffin2023	1	Griffin_2023_Supp_Table_2_All_Curated_Genes.csv	CDKN1C
HGNC:1786	CDKN1C	griffin2023_curated_not_final	griffin2023	1	Griffin_2023_fully_curated_not_final_n196.csv	CDKN1C
HGNC:1786	CDKN1C	gencc_clingen_submitter_2026_08_10	gencc2022	1	GenCC_data_Aug10_2026	CDKN1C
HGNC:1786	CDKN1C	clingen_dosage_gene_2026_08_10	clingen_dosage	1	ClinGen_Dosage_GENE-only_10Aug26.csv	CDKN1C
HGNC:2209	COL5A1	griffin2023_supp1_candidates	griffin2023	1	Griffin_2023_Supp_Table_1_All_Candidate_Genes.csv	COL5A1
HGNC:2209	COL5A1	griffin2023_supp2_curated	griffin2023	1	Griffin_2023_Supp_Table_2_All_Curated_Genes.csv	COL5A1
HGNC:2209	COL5A1	griffin2023_curated_not_final	griffin2023	1	Griffin_2023_fully_curated_not_final_n196.csv	COL5A1
HGNC:2209	COL5A1	gencc_clingen_submitter_2026_08_10	gencc2022	1	GenCC_data_Aug10_2026	COL5A1
HGNC:2209	COL5A1	clingen_dosage_gene_2026_08_10	clingen_dosage	1	ClinGen_Dosage_GENE-only_10Aug26.csv	COL5A1
HGNC:29021	CEP290	griffin2023_supp1_candidates	griffin2023	1	Griffin_2023_Supp_Table_1_All_Candidate_Genes.csv	CEP290
HGNC:29021	CEP290	clingen_dosage_gene_2026_08_10	clingen_dosage	1	ClinGen_Dosage_GENE-only_10Aug26.csv	CEP290
HGNC:2210	COL5A2	griffin2023_supp1_candidates	griffin2023	1	Griffin_2023_Supp_Table_1_All_Candidate_Genes.csv	COL5A2
HGNC:2210	COL5A2	gencc_clingen_submitter_2026_08_10	gencc2022	1	GenCC_data_Aug10_2026	COL5A2
HGNC:2210	COL5A2	clingen_dosage_gene_2026_08_10	clingen_dosage	1	ClinGen_Dosage_GENE-only_10Aug26.csv	COL5A2
HGNC:12370	CEP41	griffin2023_supp1_candidates	griffin2023	1	Griffin_2023_Supp_Table_1_All_Candidate_Genes.csv	CEP41
HGNC:12370	CEP41	gencc_clingen_submitter_2026_08_10	gencc2022	1	GenCC_data_Aug10_2026	CEP41
HGNC:2211	COL6A1	griffin2023_supp1_candidates	griffin2023	1	Griffin_2023_Supp_Table_1_All_Candidate_Genes.csv	COL6A1
HGNC:2211	COL6A1	griffin2023_supp2_curated	griffin2023	1	Griffin_2023_Supp_Table_2_All_Curated_Genes.csv	COL6A1
HGNC:2211	COL6A1	griffin2023_curated_not_final	griffin2023	1	Griffin_2023_fully_curated_not_final_n196.csv	COL6A1
HGNC:2211	COL6A1	gencc_clingen_submitter_2026_08_10	gencc2022	1	GenCC_data_Aug10_2026	COL6A1
HGNC:30794	CEP57	griffin2023_supp1_candidates	griffin2023	1	Griffin_2023_Supp_Table_1_All_Candidate_Genes.csv	CEP57
HGNC:30794	CEP57	griffin2023_supp2_curated	griffin2023	1	Griffin_2023_Supp_Table_2_All_Curated_Genes.csv	CEP57
HGNC:30794	CEP57	griffin2023_curated_not_final	griffin2023	1	Griffin_2023_fully_curated_not_final_n196.csv	CEP57
HGNC:30794	CEP57	dong_recessive108	dong2025	1	Dong recessive 108	CEP57
HGNC:30794	CEP57	gencc_clingen_submitter_2026_08_10	gencc2022	1	GenCC_data_Aug10_2026	CEP57
HGNC:2212	COL6A2	griffin2023_supp1_candidates	griffin2023	1	Griffin_2023_Supp_Table_1_All_Candidate_Genes.csv	COL6A2
HGNC:2212	COL6A2	griffin2023_supp2_curated	griffin2023	1	Griffin_2023_Supp_Table_2_All_Curated_Genes.csv	COL6A2
HGNC:2212	COL6A2	griffin2023_curated_not_final	griffin2023	1	Griffin_2023_fully_curated_not_final_n196.csv	COL6A2
HGNC:2212	COL6A2	gencc_clingen_submitter_2026_08_10	gencc2022	1	GenCC_data_Aug10_2026	COL6A2
HGNC:1862	CER1	griffin2023_supp1_candidates	griffin2023	1	Griffin_2023_Supp_Table_1_All_Candidate_Genes.csv	CER1
HGNC:2291	COX7B	griffin2023_supp1_candidates	griffin2023	1	Griffin_2023_Supp_Table_1_All_Candidate_Genes.csv	COX7B
HGNC:2291	COX7B	gencc_clingen_submitter_2026_08_10	gencc2022	1	GenCC_data_Aug10_2026	COX7B
HGNC:1301	CFAP298	griffin2023_supp1_candidates	griffin2023	1	Griffin_2023_Supp_Table_1_All_Candidate_Genes.csv	C21ORF59;CFAP298
HGNC:1301	CFAP298	dong_recessive108	dong2025	1	Dong recessive 108	C21ORF59;CFAP298
HGNC:1301	CFAP298	gencc_clingen_submitter_2026_08_10	gencc2022	1	GenCC_data_Aug10_2026	C21ORF59;CFAP298
HGNC:25801	CPLANE1	griffin2023_supp1_candidates	griffin2023	1	Griffin_2023_Supp_Table_1_All_Candidate_Genes.csv	CPLANE1
HGNC:25801	CPLANE1	griffin2023_supp2_curated	griffin2023	1	Griffin_2023_Supp_Table_2_All_Curated_Genes.csv	CPLANE1
HGNC:25801	CPLANE1	griffin2023_curated_not_final	griffin2023	1	Griffin_2023_fully_curated_not_final_n196.csv	CPLANE1
HGNC:25801	CPLANE1	clingen_dosage_gene_2026_08_10	clingen_dosage	1	ClinGen_Dosage_GENE-only_10Aug26.csv	CPLANE1
HGNC:26530	CFAP53	chdgene_2026_08_10	chdgene	1	CHDGENE_table_10Aug26.csv	CCDC11;CFAP53
HGNC:26530	CFAP53	griffin2023_supp1_candidates	griffin2023	1	Griffin_2023_Supp_Table_1_All_Candidate_Genes.csv	CCDC11;CFAP53
HGNC:26530	CFAP53	griffin2023_supp2_curated	griffin2023	1	Griffin_2023_Supp_Table_2_All_Curated_Genes.csv	CCDC11;CFAP53
HGNC:26530	CFAP53	griffin2023_curated_not_final	griffin2023	1	Griffin_2023_fully_curated_not_final_n196.csv	CCDC11;CFAP53
HGNC:26530	CFAP53	dong_recessive108	dong2025	1	Dong recessive 108	CCDC11;CFAP53
HGNC:26530	CFAP53	clingen_dosage_gene_2026_08_10	clingen_dosage	1	ClinGen_Dosage_GENE-only_10Aug26.csv	CCDC11;CFAP53
HGNC:2348	CREBBP	chdgene_2026_08_10	chdgene	1	CHDGENE_table_10Aug26.csv	CBP;CREBBP
HGNC:2348	CREBBP	griffin2023_table1_syndromic	griffin2023	1	Griffin_2023_table1_syndromic.csv	CBP;CREBBP
HGNC:2348	CREBBP	griffin2023_supp1_candidates	griffin2023	1	Griffin_2023_Supp_Table_1_All_Candidate_Genes.csv	CBP;CREBBP
HGNC:2348	CREBBP	griffin2023_supp2_curated	griffin2023	1	Griffin_2023_Supp_Table_2_All_Curated_Genes.csv	CBP;CREBBP
HGNC:2348	CREBBP	griffin2023_supp3_denovo	griffin2023	1	Griffin_2023_Supp_Table_3_Curated_De_Novo Variants.csv	CBP;CREBBP
HGNC:2348	CREBBP	clingen_dosage_gene_2026_08_10	clingen_dosage	1	ClinGen_Dosage_GENE-only_10Aug26.csv	CBP;CREBBP
HGNC:14630	CRELD1	chdgene_2026_08_10	chdgene	1	CHDGENE_table_10Aug26.csv	CRELD1
HGNC:14630	CRELD1	griffin2023_table1_isolated	griffin2023	1	Griffin_2023_table1_isolated.csv	CRELD1
HGNC:14630	CRELD1	griffin2023_supp1_candidates	griffin2023	1	Griffin_2023_Supp_Table_1_All_Candidate_Genes.csv	CRELD1
HGNC:14630	CRELD1	griffin2023_supp2_curated	griffin2023	1	Griffin_2023_Supp_Table_2_All_Curated_Genes.csv	CRELD1
HGNC:14630	CRELD1	gencc_clingen_submitter_2026_08_10	gencc2022	1	GenCC_data_Aug10_2026	CRELD1
HGNC:2356	CRHBP	griffin2023_supp1_candidates	griffin2023	1	Griffin_2023_Supp_Table_1_All_Candidate_Genes.csv	CRHBP
HGNC:11701	CRIPTO	griffin2023_supp1_candidates	griffin2023	1	Griffin_2023_Supp_Table_1_All_Candidate_Genes.csv	TDGF1
HGNC:11701	CRIPTO	griffin2023_supp2_curated	griffin2023	1	Griffin_2023_Supp_Table_2_All_Curated_Genes.csv	TDGF1
HGNC:11701	CRIPTO	griffin2023_curated_not_final	griffin2023	1	Griffin_2023_fully_curated_not_final_n196.csv	TDGF1
HGNC:2363	CRKL	griffin2023_supp1_candidates	griffin2023	1	Griffin_2023_Supp_Table_1_All_Candidate_Genes.csv	CRKL
HGNC:2363	CRKL	griffin2023_supp2_curated	griffin2023	1	Griffin_2023_Supp_Table_2_All_Curated_Genes.csv	CRKL
HGNC:2363	CRKL	griffin2023_curated_not_final	griffin2023	1	Griffin_2023_fully_curated_not_final_n196.csv	CRKL
HGNC:2363	CRKL	gencc_clingen_submitter_2026_08_10	gencc2022	1	GenCC_data_Aug10_2026	CRKL
HGNC:2363	CRKL	clingen_dosage_gene_2026_08_10	clingen_dosage	1	ClinGen_Dosage_GENE-only_10Aug26.csv	CRKL
HGNC:2383	CRX	griffin2023_supp1_candidates	griffin2023	1	Griffin_2023_Supp_Table_1_All_Candidate_Genes.csv	CRX
HGNC:2469	CSRP1	griffin2023_supp1_candidates	griffin2023	1	Griffin_2023_Supp_Table_1_All_Candidate_Genes.csv	CSRP1
HGNC:2469	CSRP1	gencc_clingen_submitter_2026_08_10	gencc2022	1	GenCC_data_Aug10_2026	CSRP1
HGNC:2511	CTNNA3	griffin2023_supp1_candidates	griffin2023	1	Griffin_2023_Supp_Table_1_All_Candidate_Genes.csv	CTNNA3
HGNC:2511	CTNNA3	griffin2023_supp2_curated	griffin2023	1	Griffin_2023_Supp_Table_2_All_Curated_Genes.csv	CTNNA3
HGNC:2511	CTNNA3	griffin2023_curated_not_final	griffin2023	1	Griffin_2023_fully_curated_not_final_n196.csv	CTNNA3
HGNC:2511	CTNNA3	gencc_clingen_submitter_2026_08_10	gencc2022	1	GenCC_data_Aug10_2026	CTNNA3
HGNC:2511	CTNNA3	clingen_dosage_gene_2026_08_10	clingen_dosage	1	ClinGen_Dosage_GENE-only_10Aug26.csv	CTNNA3
HGNC:2514	CTNNB1	chdgene_2026_08_10	chdgene	1	CHDGENE_table_10Aug26.csv	CTNNB1
HGNC:2514	CTNNB1	sierant_dominant60	sierant2025	1	Sierant dominant 60	CTNNB1
HGNC:2514	CTNNB1	gencc_clingen_submitter_2026_08_10	gencc2022	1	GenCC_data_Aug10_2026	CTNNB1
HGNC:2514	CTNNB1	clingen_dosage_gene_2026_08_10	clingen_dosage	1	ClinGen_Dosage_GENE-only_10Aug26.csv	CTNNB1
HGNC:2515	CTNND1	chdgene_2026_08_10	chdgene	1	CHDGENE_table_10Aug26.csv	CTNND1
HGNC:2515	CTNND1	gencc_clingen_submitter_2026_08_10	gencc2022	1	GenCC_data_Aug10_2026	CTNND1
HGNC:2953	DNAH9	chdgene_2026_08_10	chdgene	1	CHDGENE_table_10Aug26.csv	DNAH9
HGNC:2953	DNAH9	dong_recessive108	dong2025	1	Dong recessive 108	DNAH9
HGNC:2953	DNAH9	dong_observed_recessive23	dong2025	1	Dong observed recessive 23	DNAH9
HGNC:2516	CTNND2	griffin2023_supp1_candidates	griffin2023	1	Griffin_2023_Supp_Table_1_All_Candidate_Genes.csv	CTNND2
HGNC:2516	CTNND2	griffin2023_supp2_curated	griffin2023	1	Griffin_2023_Supp_Table_2_All_Curated_Genes.csv	CTNND2
HGNC:2516	CTNND2	griffin2023_curated_not_final	griffin2023	1	Griffin_2023_fully_curated_not_final_n196.csv	CTNND2
HGNC:2516	CTNND2	clingen_dosage_gene_2026_08_10	clingen_dosage	1	ClinGen_Dosage_GENE-only_10Aug26.csv	CTNND2
HGNC:2954	DNAI1	griffin2023_table1_syndromic	griffin2023	1	Griffin_2023_table1_syndromic.csv	DNAI1
HGNC:2954	DNAI1	griffin2023_supp1_candidates	griffin2023	1	Griffin_2023_Supp_Table_1_All_Candidate_Genes.csv	DNAI1
HGNC:2954	DNAI1	griffin2023_supp2_curated	griffin2023	1	Griffin_2023_Supp_Table_2_All_Curated_Genes.csv	DNAI1
HGNC:2954	DNAI1	dong_recessive108	dong2025	1	Dong recessive 108	DNAI1
HGNC:2954	DNAI1	gencc_clingen_submitter_2026_08_10	gencc2022	1	GenCC_data_Aug10_2026	DNAI1
HGNC:2954	DNAI1	clingen_dosage_gene_2026_08_10	clingen_dosage	1	ClinGen_Dosage_GENE-only_10Aug26.csv	DNAI1
HGNC:16850	CTR9	griffin2023_supp1_candidates	griffin2023	1	Griffin_2023_Supp_Table_1_All_Candidate_Genes.csv	CTR9
HGNC:16850	CTR9	gencc_clingen_submitter_2026_08_10	gencc2022	1	GenCC_data_Aug10_2026	CTR9
HGNC:18744	DNAI2	griffin2023_supp1_candidates	griffin2023	1	Griffin_2023_Supp_Table_1_All_Candidate_Genes.csv	DNAI2
HGNC:18744	DNAI2	griffin2023_supp2_curated	griffin2023	1	Griffin_2023_Supp_Table_2_All_Curated_Genes.csv	DNAI2
HGNC:18744	DNAI2	griffin2023_curated_not_final	griffin2023	1	Griffin_2023_fully_curated_not_final_n196.csv	DNAI2
HGNC:18744	DNAI2	dong_recessive108	dong2025	1	Dong recessive 108	DNAI2
HGNC:18744	DNAI2	dong_observed_recessive23	dong2025	1	Dong observed recessive 23	DNAI2
HGNC:18744	DNAI2	gencc_clingen_submitter_2026_08_10	gencc2022	1	GenCC_data_Aug10_2026	DNAI2
HGNC:18744	DNAI2	clingen_dosage_gene_2026_08_10	clingen_dosage	1	ClinGen_Dosage_GENE-only_10Aug26.csv	DNAI2
HGNC:28005	CTU2	dong_recessive108	dong2025	1	Dong recessive 108	CTU2
HGNC:28005	CTU2	dong_observed_recessive23	dong2025	1	Dong observed recessive 23	CTU2
HGNC:23247	DNAL1	griffin2023_supp1_candidates	griffin2023	1	Griffin_2023_Supp_Table_1_All_Candidate_Genes.csv	DNAL1
HGNC:23247	DNAL1	griffin2023_supp2_curated	griffin2023	1	Griffin_2023_Supp_Table_2_All_Curated_Genes.csv	DNAL1
HGNC:23247	DNAL1	griffin2023_curated_not_final	griffin2023	1	Griffin_2023_fully_curated_not_final_n196.csv	DNAL1
HGNC:23247	DNAL1	dong_recessive108	dong2025	1	Dong recessive 108	DNAL1
HGNC:23247	DNAL1	gencc_clingen_submitter_2026_08_10	gencc2022	1	GenCC_data_Aug10_2026	DNAL1
HGNC:2553	CUL3	chdgene_2026_08_10	chdgene	1	CHDGENE_table_10Aug26.csv	CUL3
HGNC:2553	CUL3	griffin2023_supp1_candidates	griffin2023	1	Griffin_2023_Supp_Table_1_All_Candidate_Genes.csv	CUL3
HGNC:2553	CUL3	sierant_dominant60	sierant2025	1	Sierant dominant 60	CUL3
HGNC:2553	CUL3	gencc_clingen_submitter_2026_08_10	gencc2022	1	GenCC_data_Aug10_2026	CUL3
HGNC:2553	CUL3	clingen_dosage_gene_2026_08_10	clingen_dosage	1	ClinGen_Dosage_GENE-only_10Aug26.csv	CUL3
HGNC:19189	DOCK6	chdgene_2026_08_10	chdgene	1	CHDGENE_table_10Aug26.csv	DOCK6
HGNC:19189	DOCK6	griffin2023_table1_syndromic	griffin2023	1	Griffin_2023_table1_syndromic.csv	DOCK6
HGNC:19189	DOCK6	griffin2023_supp1_candidates	griffin2023	1	Griffin_2023_Supp_Table_1_All_Candidate_Genes.csv	DOCK6
HGNC:19189	DOCK6	griffin2023_supp2_curated	griffin2023	1	Griffin_2023_Supp_Table_2_All_Curated_Genes.csv	DOCK6
HGNC:19189	DOCK6	dong_recessive108	dong2025	1	Dong recessive 108	DOCK6
HGNC:19189	DOCK6	gencc_clingen_submitter_2026_08_10	gencc2022	1	GenCC_data_Aug10_2026	DOCK6
HGNC:26780	DAND5	griffin2023_supp1_candidates	griffin2023	1	Griffin_2023_Supp_Table_1_All_Candidate_Genes.csv	DAND5
HGNC:26780	DAND5	griffin2023_supp2_curated	griffin2023	1	Griffin_2023_Supp_Table_2_All_Curated_Genes.csv	DAND5
HGNC:26780	DAND5	griffin2023_curated_not_final	griffin2023	1	Griffin_2023_fully_curated_not_final_n196.csv	DAND5
HGNC:28662	DOHH	chdgene_2026_08_10	chdgene	1	CHDGENE_table_10Aug26.csv	DOHH
HGNC:2676	DAPK3	griffin2023_supp1_candidates	griffin2023	1	Griffin_2023_Supp_Table_1_All_Candidate_Genes.csv	DAPK3
HGNC:23406	DOLK	griffin2023_supp1_candidates	griffin2023	1	Griffin_2023_Supp_Table_1_All_Candidate_Genes.csv	DOLK
HGNC:13681	DCHS1	griffin2023_supp1_candidates	griffin2023	1	Griffin_2023_Supp_Table_1_All_Candidate_Genes.csv	DCHS1
HGNC:13681	DCHS1	griffin2023_supp2_curated	griffin2023	1	Griffin_2023_Supp_Table_2_All_Curated_Genes.csv	DCHS1
HGNC:13681	DCHS1	griffin2023_curated_not_final	griffin2023	1	Griffin_2023_fully_curated_not_final_n196.csv	DCHS1
HGNC:13681	DCHS1	gencc_clingen_submitter_2026_08_10	gencc2022	1	GenCC_data_Aug10_2026	DCHS1
HGNC:13681	DCHS1	clingen_dosage_gene_2026_08_10	clingen_dosage	1	ClinGen_Dosage_GENE-only_10Aug26.csv	DCHS1
HGNC:3005	DPM1	griffin2023_supp1_candidates	griffin2023	1	Griffin_2023_Supp_Table_1_All_Candidate_Genes.csv	DPM1
HGNC:3005	DPM1	clingen_dosage_gene_2026_08_10	clingen_dosage	1	ClinGen_Dosage_GENE-only_10Aug26.csv	DPM1
HGNC:2736	DDX11	griffin2023_supp1_candidates	griffin2023	1	Griffin_2023_Supp_Table_1_All_Candidate_Genes.csv	DDX11
HGNC:2736	DDX11	griffin2023_supp2_curated	griffin2023	1	Griffin_2023_Supp_Table_2_All_Curated_Genes.csv	DDX11
HGNC:2736	DDX11	griffin2023_curated_not_final	griffin2023	1	Griffin_2023_fully_curated_not_final_n196.csv	DDX11
HGNC:2736	DDX11	dong_recessive108	dong2025	1	Dong recessive 108	DDX11
HGNC:2736	DDX11	gencc_clingen_submitter_2026_08_10	gencc2022	1	GenCC_data_Aug10_2026	DDX11
HGNC:19200	DPPA4	griffin2023_supp1_candidates	griffin2023	1	Griffin_2023_Supp_Table_1_All_Candidate_Genes.csv	DPPA4
HGNC:2745	DDX3X	sierant_dominant60	sierant2025	1	Sierant dominant 60	DDX3X
HGNC:2745	DDX3X	gencc_clingen_submitter_2026_08_10	gencc2022	1	GenCC_data_Aug10_2026	DDX3X
HGNC:2745	DDX3X	clingen_dosage_gene_2026_08_10	clingen_dosage	1	ClinGen_Dosage_GENE-only_10Aug26.csv	DDX3X
HGNC:21144	DSE	dong_recessive108	dong2025	1	Dong recessive 108	DSE
HGNC:21144	DSE	gencc_clingen_submitter_2026_08_10	gencc2022	1	GenCC_data_Aug10_2026	DSE
HGNC:21144	DSE	clingen_dosage_gene_2026_08_10	clingen_dosage	1	ClinGen_Dosage_GENE-only_10Aug26.csv	DSE
HGNC:2845	DGCR2	griffin2023_supp1_candidates	griffin2023	1	Griffin_2023_Supp_Table_1_All_Candidate_Genes.csv	DGCR2
HGNC:3057	DTNA	griffin2023_supp1_candidates	griffin2023	1	Griffin_2023_Supp_Table_1_All_Candidate_Genes.csv	DTNA
HGNC:3057	DTNA	griffin2023_supp2_curated	griffin2023	1	Griffin_2023_Supp_Table_2_All_Curated_Genes.csv	DTNA
HGNC:3057	DTNA	griffin2023_curated_not_final	griffin2023	1	Griffin_2023_fully_curated_not_final_n196.csv	DTNA
HGNC:3057	DTNA	gencc_clingen_submitter_2026_08_10	gencc2022	1	GenCC_data_Aug10_2026	DTNA
HGNC:2859	DHCR24	griffin2023_supp1_candidates	griffin2023	1	Griffin_2023_Supp_Table_1_All_Candidate_Genes.csv	DHCR24
HGNC:2859	DHCR24	griffin2023_supp2_curated	griffin2023	1	Griffin_2023_Supp_Table_2_All_Curated_Genes.csv	DHCR24
HGNC:2859	DHCR24	griffin2023_curated_not_final	griffin2023	1	Griffin_2023_fully_curated_not_final_n196.csv	DHCR24
HGNC:2859	DHCR24	gencc_clingen_submitter_2026_08_10	gencc2022	1	GenCC_data_Aug10_2026	DHCR24
HGNC:2962	DYNC2H1	griffin2023_supp1_candidates	griffin2023	1	Griffin_2023_Supp_Table_1_All_Candidate_Genes.csv	DYNC2H1
HGNC:2962	DYNC2H1	griffin2023_supp2_curated	griffin2023	1	Griffin_2023_Supp_Table_2_All_Curated_Genes.csv	DYNC2H1
HGNC:2962	DYNC2H1	griffin2023_curated_not_final	griffin2023	1	Griffin_2023_fully_curated_not_final_n196.csv	DYNC2H1
HGNC:2962	DYNC2H1	dong_recessive108	dong2025	1	Dong recessive 108	DYNC2H1
HGNC:2962	DYNC2H1	dong_observed_recessive23	dong2025	1	Dong observed recessive 23	DYNC2H1
HGNC:2962	DYNC2H1	gencc_clingen_submitter_2026_08_10	gencc2022	1	GenCC_data_Aug10_2026	DYNC2H1
HGNC:2962	DYNC2H1	clingen_dosage_gene_2026_08_10	clingen_dosage	1	ClinGen_Dosage_GENE-only_10Aug26.csv	DYNC2H1
HGNC:2860	DHCR7	griffin2023_table1_syndromic	griffin2023	1	Griffin_2023_table1_syndromic.csv	DHCR7
HGNC:2860	DHCR7	griffin2023_supp1_candidates	griffin2023	1	Griffin_2023_Supp_Table_1_All_Candidate_Genes.csv	DHCR7
HGNC:2860	DHCR7	griffin2023_supp2_curated	griffin2023	1	Griffin_2023_Supp_Table_2_All_Curated_Genes.csv	DHCR7
HGNC:2860	DHCR7	dong_recessive108	dong2025	1	Dong recessive 108	DHCR7
HGNC:2860	DHCR7	clingen_dosage_gene_2026_08_10	clingen_dosage	1	ClinGen_Dosage_GENE-only_10Aug26.csv	DHCR7
HGNC:21862	DYNC2I1	griffin2023_supp1_candidates	griffin2023	1	Griffin_2023_Supp_Table_1_All_Candidate_Genes.csv	WDR60
HGNC:2904	DLG5	chdgene_2026_08_10	chdgene	1	CHDGENE_table_10Aug26.csv	DLG5
HGNC:24595	DYNC2LI1	dong_recessive108	dong2025	1	Dong recessive 108	DYNC2LI1
HGNC:2909	DLL3	griffin2023_supp1_candidates	griffin2023	1	Griffin_2023_Supp_Table_1_All_Candidate_Genes.csv	DLL3
HGNC:20908	DZIP1	griffin2023_supp1_candidates	griffin2023	1	Griffin_2023_Supp_Table_1_All_Candidate_Genes.csv	DZIP1
HGNC:2910	DLL4	chdgene_2026_08_10	chdgene	1	CHDGENE_table_10Aug26.csv	DLL4
HGNC:2910	DLL4	griffin2023_table1_syndromic	griffin2023	1	Griffin_2023_table1_syndromic.csv	DLL4
HGNC:2910	DLL4	griffin2023_supp1_candidates	griffin2023	1	Griffin_2023_Supp_Table_1_All_Candidate_Genes.csv	DLL4
HGNC:2910	DLL4	griffin2023_supp2_curated	griffin2023	1	Griffin_2023_Supp_Table_2_All_Curated_Genes.csv	DLL4
HGNC:2910	DLL4	griffin2023_supp3_denovo	griffin2023	1	Griffin_2023_Supp_Table_3_Curated_De_Novo Variants.csv	DLL4
HGNC:3146	ECE1	griffin2023_supp1_candidates	griffin2023	1	Griffin_2023_Supp_Table_1_All_Candidate_Genes.csv	ECE1
HGNC:3146	ECE1	griffin2023_supp2_curated	griffin2023	1	Griffin_2023_Supp_Table_2_All_Curated_Genes.csv	ECE1
HGNC:3146	ECE1	griffin2023_curated_not_final	griffin2023	1	Griffin_2023_fully_curated_not_final_n196.csv	ECE1
HGNC:2935	DMRT2	griffin2023_supp1_candidates	griffin2023	1	Griffin_2023_Supp_Table_1_All_Candidate_Genes.csv	DMRT2
HGNC:2935	DMRT2	clingen_dosage_gene_2026_08_10	clingen_dosage	1	ClinGen_Dosage_GENE-only_10Aug26.csv	DMRT2
HGNC:13275	ECE2	griffin2023_supp1_candidates	griffin2023	1	Griffin_2023_Supp_Table_1_All_Candidate_Genes.csv	ECE2
HGNC:30539	DNAAF1	griffin2023_table1_syndromic	griffin2023	1	Griffin_2023_table1_syndromic.csv	DNAAF1;LRRC50
HGNC:30539	DNAAF1	griffin2023_supp1_candidates	griffin2023	1	Griffin_2023_Supp_Table_1_All_Candidate_Genes.csv	DNAAF1;LRRC50
HGNC:30539	DNAAF1	griffin2023_supp2_curated	griffin2023	1	Griffin_2023_Supp_Table_2_All_Curated_Genes.csv	DNAAF1;LRRC50
HGNC:30539	DNAAF1	dong_recessive108	dong2025	1	Dong recessive 108	DNAAF1;LRRC50
HGNC:30539	DNAAF1	dong_observed_recessive23	dong2025	1	Dong observed recessive 23	DNAAF1;LRRC50
HGNC:30539	DNAAF1	clingen_dosage_gene_2026_08_10	clingen_dosage	1	ClinGen_Dosage_GENE-only_10Aug26.csv	DNAAF1;LRRC50
HGNC:3176	EDN1	griffin2023_supp1_candidates	griffin2023	1	Griffin_2023_Supp_Table_1_All_Candidate_Genes.csv	EDN1
HGNC:3176	EDN1	gencc_clingen_submitter_2026_08_10	gencc2022	1	GenCC_data_Aug10_2026	EDN1
HGNC:16725	DNAAF11	griffin2023_supp1_candidates	griffin2023	1	Griffin_2023_Supp_Table_1_All_Candidate_Genes.csv	LRRC6
HGNC:16725	DNAAF11	dong_recessive108	dong2025	1	Dong recessive 108	LRRC6
HGNC:3179	EDNRA	griffin2023_supp1_candidates	griffin2023	1	Griffin_2023_Supp_Table_1_All_Candidate_Genes.csv	EDNRA
HGNC:32700	DNAAF19	griffin2023_supp1_candidates	griffin2023	1	Griffin_2023_Supp_Table_1_All_Candidate_Genes.csv	CCDC103
HGNC:32700	DNAAF19	griffin2023_supp2_curated	griffin2023	1	Griffin_2023_Supp_Table_2_All_Curated_Genes.csv	CCDC103
HGNC:32700	DNAAF19	griffin2023_curated_not_final	griffin2023	1	Griffin_2023_fully_curated_not_final_n196.csv	CCDC103
HGNC:32700	DNAAF19	dong_recessive108	dong2025	1	Dong recessive 108	CCDC103
HGNC:3188	EED	griffin2023_supp1_candidates	griffin2023	1	Griffin_2023_Supp_Table_1_All_Candidate_Genes.csv	EED
HGNC:3188	EED	griffin2023_supp2_curated	griffin2023	1	Griffin_2023_Supp_Table_2_All_Curated_Genes.csv	EED
HGNC:3188	EED	griffin2023_curated_not_final	griffin2023	1	Griffin_2023_fully_curated_not_final_n196.csv	EED
HGNC:3188	EED	gencc_clingen_submitter_2026_08_10	gencc2022	1	GenCC_data_Aug10_2026	EED
HGNC:20188	DNAAF2	griffin2023_supp1_candidates	griffin2023	1	Griffin_2023_Supp_Table_1_All_Candidate_Genes.csv	DNAAF2
HGNC:20188	DNAAF2	griffin2023_supp2_curated	griffin2023	1	Griffin_2023_Supp_Table_2_All_Curated_Genes.csv	DNAAF2
HGNC:20188	DNAAF2	griffin2023_curated_not_final	griffin2023	1	Griffin_2023_fully_curated_not_final_n196.csv	DNAAF2
HGNC:20188	DNAAF2	dong_recessive108	dong2025	1	Dong recessive 108	DNAAF2
HGNC:20188	DNAAF2	gencc_clingen_submitter_2026_08_10	gencc2022	1	GenCC_data_Aug10_2026	DNAAF2
HGNC:3227	EFNB2	griffin2023_supp1_candidates	griffin2023	1	Griffin_2023_Supp_Table_1_All_Candidate_Genes.csv	EFNB2
HGNC:3227	EFNB2	griffin2023_supp2_curated	griffin2023	1	Griffin_2023_Supp_Table_2_All_Curated_Genes.csv	EFNB2
HGNC:3227	EFNB2	griffin2023_curated_not_final	griffin2023	1	Griffin_2023_fully_curated_not_final_n196.csv	EFNB2
HGNC:3227	EFNB2	gencc_clingen_submitter_2026_08_10	gencc2022	1	GenCC_data_Aug10_2026	EFNB2
HGNC:30492	DNAAF3	griffin2023_supp1_candidates	griffin2023	1	Griffin_2023_Supp_Table_1_All_Candidate_Genes.csv	DNAAF3
HGNC:30492	DNAAF3	griffin2023_supp2_curated	griffin2023	1	Griffin_2023_Supp_Table_2_All_Curated_Genes.csv	DNAAF3
HGNC:30492	DNAAF3	griffin2023_curated_not_final	griffin2023	1	Griffin_2023_fully_curated_not_final_n196.csv	DNAAF3
HGNC:30492	DNAAF3	dong_recessive108	dong2025	1	Dong recessive 108	DNAAF3
HGNC:30492	DNAAF3	gencc_clingen_submitter_2026_08_10	gencc2022	1	GenCC_data_Aug10_2026	DNAAF3
HGNC:30858	EFTUD2	chdgene_2026_08_10	chdgene	1	CHDGENE_table_10Aug26.csv	EFTUD2
HGNC:30858	EFTUD2	griffin2023_table1_syndromic	griffin2023	1	Griffin_2023_table1_syndromic.csv	EFTUD2
HGNC:30858	EFTUD2	griffin2023_supp1_candidates	griffin2023	1	Griffin_2023_Supp_Table_1_All_Candidate_Genes.csv	EFTUD2
HGNC:30858	EFTUD2	griffin2023_supp2_curated	griffin2023	1	Griffin_2023_Supp_Table_2_All_Curated_Genes.csv	EFTUD2
HGNC:30858	EFTUD2	clingen_dosage_gene_2026_08_10	clingen_dosage	1	ClinGen_Dosage_GENE-only_10Aug26.csv	EFTUD2
HGNC:21493	DNAAF4	griffin2023_supp1_candidates	griffin2023	1	Griffin_2023_Supp_Table_1_All_Candidate_Genes.csv	DNAAF4
HGNC:21493	DNAAF4	griffin2023_supp2_curated	griffin2023	1	Griffin_2023_Supp_Table_2_All_Curated_Genes.csv	DNAAF4
HGNC:21493	DNAAF4	griffin2023_curated_not_final	griffin2023	1	Griffin_2023_fully_curated_not_final_n196.csv	DNAAF4
HGNC:21493	DNAAF4	dong_recessive108	dong2025	1	Dong recessive 108	DNAAF4
HGNC:21493	DNAAF4	gencc_clingen_submitter_2026_08_10	gencc2022	1	GenCC_data_Aug10_2026	DNAAF4
HGNC:3236	EGFR	griffin2023_supp1_candidates	griffin2023	1	Griffin_2023_Supp_Table_1_All_Candidate_Genes.csv	EGFR
HGNC:3236	EGFR	griffin2023_supp2_curated	griffin2023	1	Griffin_2023_Supp_Table_2_All_Curated_Genes.csv	EGFR
HGNC:3236	EGFR	griffin2023_curated_not_final	griffin2023	1	Griffin_2023_fully_curated_not_final_n196.csv	EGFR
HGNC:3236	EGFR	gencc_clingen_submitter_2026_08_10	gencc2022	1	GenCC_data_Aug10_2026	EGFR
HGNC:3236	EGFR	clingen_dosage_gene_2026_08_10	clingen_dosage	1	ClinGen_Dosage_GENE-only_10Aug26.csv	EGFR
HGNC:26013	DNAAF5	griffin2023_supp1_candidates	griffin2023	1	Griffin_2023_Supp_Table_1_All_Candidate_Genes.csv	DNAAF5;HEATR2
HGNC:26013	DNAAF5	griffin2023_supp2_curated	griffin2023	1	Griffin_2023_Supp_Table_2_All_Curated_Genes.csv	DNAAF5;HEATR2
HGNC:26013	DNAAF5	griffin2023_curated_not_final	griffin2023	1	Griffin_2023_fully_curated_not_final_n196.csv	DNAAF5;HEATR2
HGNC:26013	DNAAF5	dong_recessive108	dong2025	1	Dong recessive 108	DNAAF5;HEATR2
HGNC:24650	EHMT1	chdgene_2026_08_10	chdgene	1	CHDGENE_table_10Aug26.csv	EHMT1
HGNC:24650	EHMT1	griffin2023_table1_syndromic	griffin2023	1	Griffin_2023_table1_syndromic.csv	EHMT1
HGNC:24650	EHMT1	griffin2023_supp1_candidates	griffin2023	1	Griffin_2023_Supp_Table_1_All_Candidate_Genes.csv	EHMT1
HGNC:24650	EHMT1	griffin2023_supp2_curated	griffin2023	1	Griffin_2023_Supp_Table_2_All_Curated_Genes.csv	EHMT1
HGNC:24650	EHMT1	clingen_dosage_gene_2026_08_10	clingen_dosage	1	ClinGen_Dosage_GENE-only_10Aug26.csv	EHMT1
HGNC:28570	DNAAF6	griffin2023_supp1_candidates	griffin2023	1	Griffin_2023_Supp_Table_1_All_Candidate_Genes.csv	PIH1D3
HGNC:3327	ELN	chdgene_2026_08_10	chdgene	1	CHDGENE_table_10Aug26.csv	ELN
HGNC:3327	ELN	griffin2023_table1_syndromic	griffin2023	1	Griffin_2023_table1_syndromic.csv	ELN
HGNC:3327	ELN	griffin2023_supp1_candidates	griffin2023	1	Griffin_2023_Supp_Table_1_All_Candidate_Genes.csv	ELN
HGNC:3327	ELN	griffin2023_supp2_curated	griffin2023	1	Griffin_2023_Supp_Table_2_All_Curated_Genes.csv	ELN
HGNC:3327	ELN	griffin2023_supp3_denovo	griffin2023	1	Griffin_2023_Supp_Table_3_Curated_De_Novo Variants.csv	ELN
HGNC:3327	ELN	griffin2023_supp4_lof	griffin2023	1	Griffin_2023_Supp_Table_4_Curated_LoF_Variants.csv	ELN
HGNC:3327	ELN	gencc_clingen_submitter_2026_08_10	gencc2022	1	GenCC_data_Aug10_2026	ELN
HGNC:3327	ELN	clingen_dosage_gene_2026_08_10	clingen_dosage	1	ClinGen_Dosage_GENE-only_10Aug26.csv	ELN
HGNC:2942	DNAH11	chdgene_2026_08_10	chdgene	1	CHDGENE_table_10Aug26.csv	DNAH11
HGNC:2942	DNAH11	griffin2023_supp1_candidates	griffin2023	1	Griffin_2023_Supp_Table_1_All_Candidate_Genes.csv	DNAH11
HGNC:2942	DNAH11	griffin2023_supp2_curated	griffin2023	1	Griffin_2023_Supp_Table_2_All_Curated_Genes.csv	DNAH11
HGNC:2942	DNAH11	griffin2023_curated_not_final	griffin2023	1	Griffin_2023_fully_curated_not_final_n196.csv	DNAH11
HGNC:2942	DNAH11	dong_recessive108	dong2025	1	Dong recessive 108	DNAH11
HGNC:2942	DNAH11	dong_observed_recessive23	dong2025	1	Dong observed recessive 23	DNAH11
HGNC:2942	DNAH11	gencc_clingen_submitter_2026_08_10	gencc2022	1	GenCC_data_Aug10_2026	DNAH11
HGNC:2942	DNAH11	clingen_dosage_gene_2026_08_10	clingen_dosage	1	ClinGen_Dosage_GENE-only_10Aug26.csv	DNAH11
HGNC:3349	ENG	griffin2023_supp1_candidates	griffin2023	1	Griffin_2023_Supp_Table_1_All_Candidate_Genes.csv	ENG
HGNC:3349	ENG	griffin2023_supp2_curated	griffin2023	1	Griffin_2023_Supp_Table_2_All_Curated_Genes.csv	ENG
HGNC:3349	ENG	griffin2023_curated_not_final	griffin2023	1	Griffin_2023_fully_curated_not_final_n196.csv	ENG
HGNC:3349	ENG	gencc_clingen_submitter_2026_08_10	gencc2022	1	GenCC_data_Aug10_2026	ENG
HGNC:3349	ENG	clingen_dosage_gene_2026_08_10	clingen_dosage	1	ClinGen_Dosage_GENE-only_10Aug26.csv	ENG
HGNC:2950	DNAH5	chdgene_2026_08_10	chdgene	1	CHDGENE_table_10Aug26.csv	DNAH5
HGNC:2950	DNAH5	griffin2023_table1_syndromic	griffin2023	1	Griffin_2023_table1_syndromic.csv	DNAH5
HGNC:2950	DNAH5	griffin2023_supp1_candidates	griffin2023	1	Griffin_2023_Supp_Table_1_All_Candidate_Genes.csv	DNAH5
HGNC:2950	DNAH5	griffin2023_supp2_curated	griffin2023	1	Griffin_2023_Supp_Table_2_All_Curated_Genes.csv	DNAH5
HGNC:2950	DNAH5	griffin2023_supp5_recessive	griffin2023	1	Griffin_2023_Supp_Table_5_Curated_Recessive_Variants.csv	DNAH5
HGNC:2950	DNAH5	dong_recessive108	dong2025	1	Dong recessive 108	DNAH5
HGNC:2950	DNAH5	dong_observed_recessive23	dong2025	1	Dong observed recessive 23	DNAH5
HGNC:2950	DNAH5	gencc_clingen_submitter_2026_08_10	gencc2022	1	GenCC_data_Aug10_2026	DNAH5
HGNC:2950	DNAH5	clingen_dosage_gene_2026_08_10	clingen_dosage	1	ClinGen_Dosage_GENE-only_10Aug26.csv	DNAH5
HGNC:28526	EOGT	griffin2023_table1_syndromic	griffin2023	1	Griffin_2023_table1_syndromic.csv	EOGT
HGNC:28526	EOGT	griffin2023_supp1_candidates	griffin2023	1	Griffin_2023_Supp_Table_1_All_Candidate_Genes.csv	EOGT
HGNC:28526	EOGT	griffin2023_supp2_curated	griffin2023	1	Griffin_2023_Supp_Table_2_All_Curated_Genes.csv	EOGT
HGNC:28526	EOGT	gencc_clingen_submitter_2026_08_10	gencc2022	1	GenCC_data_Aug10_2026	EOGT
HGNC:3373	EP300	chdgene_2026_08_10	chdgene	1	CHDGENE_table_10Aug26.csv	EP300
HGNC:3373	EP300	griffin2023_table1_syndromic	griffin2023	1	Griffin_2023_table1_syndromic.csv	EP300
HGNC:3373	EP300	griffin2023_supp1_candidates	griffin2023	1	Griffin_2023_Supp_Table_1_All_Candidate_Genes.csv	EP300
HGNC:3373	EP300	griffin2023_supp2_curated	griffin2023	1	Griffin_2023_Supp_Table_2_All_Curated_Genes.csv	EP300
HGNC:3373	EP300	griffin2023_supp3_denovo	griffin2023	1	Griffin_2023_Supp_Table_3_Curated_De_Novo Variants.csv	EP300
HGNC:3373	EP300	sierant_dominant60	sierant2025	1	Sierant dominant 60	EP300
HGNC:3373	EP300	gencc_clingen_submitter_2026_08_10	gencc2022	1	GenCC_data_Aug10_2026	EP300
HGNC:3373	EP300	clingen_dosage_gene_2026_08_10	clingen_dosage	1	ClinGen_Dosage_GENE-only_10Aug26.csv	EP300
HGNC:3393	EPHB2	griffin2023_supp1_candidates	griffin2023	1	Griffin_2023_Supp_Table_1_All_Candidate_Genes.csv	EPHB2
HGNC:3415	EPO	griffin2023_supp1_candidates	griffin2023	1	Griffin_2023_Supp_Table_1_All_Candidate_Genes.csv	EPO
HGNC:3416	EPOR	griffin2023_supp1_candidates	griffin2023	1	Griffin_2023_Supp_Table_1_All_Candidate_Genes.csv	EPOR
HGNC:27230	ESCO2	chdgene_2026_08_10	chdgene	1	CHDGENE_table_10Aug26.csv	ESCO2
HGNC:27230	ESCO2	griffin2023_table1_syndromic	griffin2023	1	Griffin_2023_table1_syndromic.csv	ESCO2
HGNC:27230	ESCO2	griffin2023_supp1_candidates	griffin2023	1	Griffin_2023_Supp_Table_1_All_Candidate_Genes.csv	ESCO2
HGNC:27230	ESCO2	griffin2023_supp2_curated	griffin2023	1	Griffin_2023_Supp_Table_2_All_Curated_Genes.csv	ESCO2
HGNC:27230	ESCO2	dong_recessive108	dong2025	1	Dong recessive 108	ESCO2
HGNC:27230	ESCO2	clingen_dosage_gene_2026_08_10	clingen_dosage	1	ClinGen_Dosage_GENE-only_10Aug26.csv	ESCO2
HGNC:3488	ETS1	griffin2023_table1_isolated	griffin2023	1	Griffin_2023_table1_isolated.csv	ETS1
HGNC:3488	ETS1	griffin2023_supp1_candidates	griffin2023	1	Griffin_2023_Supp_Table_1_All_Candidate_Genes.csv	ETS1
HGNC:3488	ETS1	griffin2023_supp2_curated	griffin2023	1	Griffin_2023_Supp_Table_2_All_Curated_Genes.csv	ETS1
HGNC:3488	ETS1	griffin2023_supp3_denovo	griffin2023	1	Griffin_2023_Supp_Table_3_Curated_De_Novo Variants.csv	ETS1
HGNC:3488	ETS1	griffin2023_supp4_lof	griffin2023	1	Griffin_2023_Supp_Table_4_Curated_LoF_Variants.csv	ETS1
HGNC:3488	ETS1	gencc_clingen_submitter_2026_08_10	gencc2022	1	GenCC_data_Aug10_2026	ETS1
HGNC:3489	ETS2	griffin2023_supp1_candidates	griffin2023	1	Griffin_2023_Supp_Table_1_All_Candidate_Genes.csv	ETS2
HGNC:3497	EVC	chdgene_2026_08_10	chdgene	1	CHDGENE_table_10Aug26.csv	EVC
HGNC:3497	EVC	griffin2023_table1_syndromic	griffin2023	1	Griffin_2023_table1_syndromic.csv	EVC
HGNC:3497	EVC	griffin2023_supp1_candidates	griffin2023	1	Griffin_2023_Supp_Table_1_All_Candidate_Genes.csv	EVC
HGNC:3497	EVC	griffin2023_supp2_curated	griffin2023	1	Griffin_2023_Supp_Table_2_All_Curated_Genes.csv	EVC
HGNC:3497	EVC	dong_recessive108	dong2025	1	Dong recessive 108	EVC
HGNC:3497	EVC	dong_observed_recessive23	dong2025	1	Dong observed recessive 23	EVC
HGNC:3497	EVC	gencc_clingen_submitter_2026_08_10	gencc2022	1	GenCC_data_Aug10_2026	EVC
HGNC:19747	EVC2	chdgene_2026_08_10	chdgene	1	CHDGENE_table_10Aug26.csv	EVC2
HGNC:19747	EVC2	griffin2023_table1_syndromic	griffin2023	1	Griffin_2023_table1_syndromic.csv	EVC2
HGNC:19747	EVC2	griffin2023_supp1_candidates	griffin2023	1	Griffin_2023_Supp_Table_1_All_Candidate_Genes.csv	EVC2
HGNC:19747	EVC2	griffin2023_supp2_curated	griffin2023	1	Griffin_2023_Supp_Table_2_All_Curated_Genes.csv	EVC2
HGNC:19747	EVC2	dong_recessive108	dong2025	1	Dong recessive 108	EVC2
HGNC:19747	EVC2	gencc_clingen_submitter_2026_08_10	gencc2022	1	GenCC_data_Aug10_2026	EVC2
HGNC:19747	EVC2	clingen_dosage_gene_2026_08_10	clingen_dosage	1	ClinGen_Dosage_GENE-only_10Aug26.csv	EVC2
HGNC:3791	FOLR1	griffin2023_supp1_candidates	griffin2023	1	Griffin_2023_Supp_Table_1_All_Candidate_Genes.csv	FOLR1
HGNC:3791	FOLR1	gencc_clingen_submitter_2026_08_10	gencc2022	1	GenCC_data_Aug10_2026	FOLR1
HGNC:3791	FOLR1	clingen_dosage_gene_2026_08_10	clingen_dosage	1	ClinGen_Dosage_GENE-only_10Aug26.csv	FOLR1
HGNC:3519	EYA1	griffin2023_supp1_candidates	griffin2023	1	Griffin_2023_Supp_Table_1_All_Candidate_Genes.csv	EYA1
HGNC:3519	EYA1	griffin2023_supp2_curated	griffin2023	1	Griffin_2023_Supp_Table_2_All_Curated_Genes.csv	EYA1
HGNC:3519	EYA1	griffin2023_curated_not_final	griffin2023	1	Griffin_2023_fully_curated_not_final_n196.csv	EYA1
HGNC:3519	EYA1	gencc_clingen_submitter_2026_08_10	gencc2022	1	GenCC_data_Aug10_2026	EYA1
HGNC:3519	EYA1	clingen_dosage_gene_2026_08_10	clingen_dosage	1	ClinGen_Dosage_GENE-only_10Aug26.csv	EYA1
HGNC:5022	FOXA2	griffin2023_supp1_candidates	griffin2023	1	Griffin_2023_Supp_Table_1_All_Candidate_Genes.csv	FOXA2
HGNC:5022	FOXA2	griffin2023_supp2_curated	griffin2023	1	Griffin_2023_Supp_Table_2_All_Curated_Genes.csv	FOXA2
HGNC:5022	FOXA2	griffin2023_curated_not_final	griffin2023	1	Griffin_2023_fully_curated_not_final_n196.csv	FOXA2
HGNC:5022	FOXA2	gencc_clingen_submitter_2026_08_10	gencc2022	1	GenCC_data_Aug10_2026	FOXA2
HGNC:3526	EZH1	griffin2023_supp1_candidates	griffin2023	1	Griffin_2023_Supp_Table_1_All_Candidate_Genes.csv	EZH1
HGNC:3800	FOXC1	chdgene_2026_08_10	chdgene	1	CHDGENE_table_10Aug26.csv	FOXC1
HGNC:3800	FOXC1	griffin2023_table1_syndromic	griffin2023	1	Griffin_2023_table1_syndromic.csv	FOXC1
HGNC:3800	FOXC1	griffin2023_supp1_candidates	griffin2023	1	Griffin_2023_Supp_Table_1_All_Candidate_Genes.csv	FOXC1
HGNC:3800	FOXC1	griffin2023_supp2_curated	griffin2023	1	Griffin_2023_Supp_Table_2_All_Curated_Genes.csv	FOXC1
HGNC:3800	FOXC1	gencc_clingen_submitter_2026_08_10	gencc2022	1	GenCC_data_Aug10_2026	FOXC1
HGNC:3800	FOXC1	clingen_dosage_gene_2026_08_10	clingen_dosage	1	ClinGen_Dosage_GENE-only_10Aug26.csv	FOXC1
HGNC:3582	FANCA	griffin2023_supp1_candidates	griffin2023	1	Griffin_2023_Supp_Table_1_All_Candidate_Genes.csv	FANCA
HGNC:3582	FANCA	gencc_clingen_submitter_2026_08_10	gencc2022	1	GenCC_data_Aug10_2026	FANCA
HGNC:3582	FANCA	clingen_dosage_gene_2026_08_10	clingen_dosage	1	ClinGen_Dosage_GENE-only_10Aug26.csv	FANCA
HGNC:3801	FOXC2	chdgene_2026_08_10	chdgene	1	CHDGENE_table_10Aug26.csv	FOXC2
HGNC:3801	FOXC2	griffin2023_table1_syndromic	griffin2023	1	Griffin_2023_table1_syndromic.csv	FOXC2
HGNC:3801	FOXC2	griffin2023_supp1_candidates	griffin2023	1	Griffin_2023_Supp_Table_1_All_Candidate_Genes.csv	FOXC2
HGNC:3801	FOXC2	griffin2023_supp2_curated	griffin2023	1	Griffin_2023_Supp_Table_2_All_Curated_Genes.csv	FOXC2
HGNC:3801	FOXC2	griffin2023_supp3_denovo	griffin2023	1	Griffin_2023_Supp_Table_3_Curated_De_Novo Variants.csv	FOXC2
HGNC:3801	FOXC2	sierant_dominant60	sierant2025	1	Sierant dominant 60	FOXC2
HGNC:3801	FOXC2	gencc_clingen_submitter_2026_08_10	gencc2022	1	GenCC_data_Aug10_2026	FOXC2
HGNC:3801	FOXC2	clingen_dosage_gene_2026_08_10	clingen_dosage	1	ClinGen_Dosage_GENE-only_10Aug26.csv	FOXC2
HGNC:3583	FANCB	griffin2023_supp1_candidates	griffin2023	1	Griffin_2023_Supp_Table_1_All_Candidate_Genes.csv	FANCB
HGNC:3583	FANCB	griffin2023_supp2_curated	griffin2023	1	Griffin_2023_Supp_Table_2_All_Curated_Genes.csv	FANCB
HGNC:3583	FANCB	griffin2023_curated_not_final	griffin2023	1	Griffin_2023_fully_curated_not_final_n196.csv	FANCB
HGNC:3583	FANCB	gencc_clingen_submitter_2026_08_10	gencc2022	1	GenCC_data_Aug10_2026	FANCB
HGNC:3583	FANCB	clingen_dosage_gene_2026_08_10	clingen_dosage	1	ClinGen_Dosage_GENE-only_10Aug26.csv	FANCB
HGNC:3809	FOXF1	griffin2023_table1_syndromic	griffin2023	1	Griffin_2023_table1_syndromic.csv	FOXF1
HGNC:3809	FOXF1	griffin2023_supp1_candidates	griffin2023	1	Griffin_2023_Supp_Table_1_All_Candidate_Genes.csv	FOXF1
HGNC:3809	FOXF1	griffin2023_supp2_curated	griffin2023	1	Griffin_2023_Supp_Table_2_All_Curated_Genes.csv	FOXF1
HGNC:3809	FOXF1	clingen_dosage_gene_2026_08_10	clingen_dosage	1	ClinGen_Dosage_GENE-only_10Aug26.csv	FOXF1
HGNC:3584	FANCC	griffin2023_supp1_candidates	griffin2023	1	Griffin_2023_Supp_Table_1_All_Candidate_Genes.csv	FANCC
HGNC:3584	FANCC	clingen_dosage_gene_2026_08_10	clingen_dosage	1	ClinGen_Dosage_GENE-only_10Aug26.csv	FANCC
HGNC:3814	FOXH1	chdgene_2026_08_10	chdgene	1	CHDGENE_table_10Aug26.csv	FOXH1
HGNC:3814	FOXH1	griffin2023_supp1_candidates	griffin2023	1	Griffin_2023_Supp_Table_1_All_Candidate_Genes.csv	FOXH1
HGNC:3814	FOXH1	griffin2023_supp2_curated	griffin2023	1	Griffin_2023_Supp_Table_2_All_Curated_Genes.csv	FOXH1
HGNC:3814	FOXH1	griffin2023_curated_not_final	griffin2023	1	Griffin_2023_fully_curated_not_final_n196.csv	FOXH1
HGNC:3814	FOXH1	gencc_clingen_submitter_2026_08_10	gencc2022	1	GenCC_data_Aug10_2026	FOXH1
HGNC:3585	FANCD2	griffin2023_supp1_candidates	griffin2023	1	Griffin_2023_Supp_Table_1_All_Candidate_Genes.csv	FANCD2
HGNC:3585	FANCD2	gencc_clingen_submitter_2026_08_10	gencc2022	1	GenCC_data_Aug10_2026	FANCD2
HGNC:3585	FANCD2	clingen_dosage_gene_2026_08_10	clingen_dosage	1	ClinGen_Dosage_GENE-only_10Aug26.csv	FANCD2
HGNC:3817	FOXL1	griffin2023_supp1_candidates	griffin2023	1	Griffin_2023_Supp_Table_1_All_Candidate_Genes.csv	FOXL1
HGNC:3817	FOXL1	griffin2023_supp2_curated	griffin2023	1	Griffin_2023_Supp_Table_2_All_Curated_Genes.csv	FOXL1
HGNC:3817	FOXL1	griffin2023_curated_not_final	griffin2023	1	Griffin_2023_fully_curated_not_final_n196.csv	FOXL1
HGNC:3817	FOXL1	gencc_clingen_submitter_2026_08_10	gencc2022	1	GenCC_data_Aug10_2026	FOXL1
HGNC:3586	FANCE	griffin2023_supp1_candidates	griffin2023	1	Griffin_2023_Supp_Table_1_All_Candidate_Genes.csv	FANCE
HGNC:3586	FANCE	clingen_dosage_gene_2026_08_10	clingen_dosage	1	ClinGen_Dosage_GENE-only_10Aug26.csv	FANCE
HGNC:1092	FOXL2	griffin2023_supp1_candidates	griffin2023	1	Griffin_2023_Supp_Table_1_All_Candidate_Genes.csv	FOXL2
HGNC:1092	FOXL2	griffin2023_supp2_curated	griffin2023	1	Griffin_2023_Supp_Table_2_All_Curated_Genes.csv	FOXL2
HGNC:1092	FOXL2	griffin2023_curated_not_final	griffin2023	1	Griffin_2023_fully_curated_not_final_n196.csv	FOXL2
HGNC:1092	FOXL2	clingen_dosage_gene_2026_08_10	clingen_dosage	1	ClinGen_Dosage_GENE-only_10Aug26.csv	FOXL2
HGNC:3587	FANCF	griffin2023_supp1_candidates	griffin2023	1	Griffin_2023_Supp_Table_1_All_Candidate_Genes.csv	FANCF
HGNC:3587	FANCF	clingen_dosage_gene_2026_08_10	clingen_dosage	1	ClinGen_Dosage_GENE-only_10Aug26.csv	FANCF
HGNC:3823	FOXP1	chdgene_2026_08_10	chdgene	1	CHDGENE_table_10Aug26.csv	FOXP1
HGNC:3823	FOXP1	griffin2023_supp1_candidates	griffin2023	1	Griffin_2023_Supp_Table_1_All_Candidate_Genes.csv	FOXP1
HGNC:3823	FOXP1	griffin2023_supp2_curated	griffin2023	1	Griffin_2023_Supp_Table_2_All_Curated_Genes.csv	FOXP1
HGNC:3823	FOXP1	griffin2023_curated_not_final	griffin2023	1	Griffin_2023_fully_curated_not_final_n196.csv	FOXP1
HGNC:3823	FOXP1	gencc_clingen_submitter_2026_08_10	gencc2022	1	GenCC_data_Aug10_2026	FOXP1
HGNC:3823	FOXP1	clingen_dosage_gene_2026_08_10	clingen_dosage	1	ClinGen_Dosage_GENE-only_10Aug26.csv	FOXP1
HGNC:3588	FANCG	griffin2023_supp1_candidates	griffin2023	1	Griffin_2023_Supp_Table_1_All_Candidate_Genes.csv	FANCG
HGNC:3588	FANCG	gencc_clingen_submitter_2026_08_10	gencc2022	1	GenCC_data_Aug10_2026	FANCG
HGNC:3588	FANCG	clingen_dosage_gene_2026_08_10	clingen_dosage	1	ClinGen_Dosage_GENE-only_10Aug26.csv	FANCG
HGNC:20842	FOXP4	griffin2023_supp1_candidates	griffin2023	1	Griffin_2023_Supp_Table_1_All_Candidate_Genes.csv	FOXP4
HGNC:25568	FANCI	griffin2023_supp1_candidates	griffin2023	1	Griffin_2023_Supp_Table_1_All_Candidate_Genes.csv	FANCI
HGNC:25568	FANCI	griffin2023_supp2_curated	griffin2023	1	Griffin_2023_Supp_Table_2_All_Curated_Genes.csv	FANCI
HGNC:25568	FANCI	griffin2023_curated_not_final	griffin2023	1	Griffin_2023_fully_curated_not_final_n196.csv	FANCI
HGNC:25568	FANCI	gencc_clingen_submitter_2026_08_10	gencc2022	1	GenCC_data_Aug10_2026	FANCI
HGNC:25568	FANCI	clingen_dosage_gene_2026_08_10	clingen_dosage	1	ClinGen_Dosage_GENE-only_10Aug26.csv	FANCI
HGNC:29127	FRYL	chdgene_2026_08_10	chdgene	1	CHDGENE_table_10Aug26.csv	FRYL
HGNC:20748	FANCL	griffin2023_supp1_candidates	griffin2023	1	Griffin_2023_Supp_Table_1_All_Candidate_Genes.csv	FANCL
HGNC:20748	FANCL	griffin2023_supp2_curated	griffin2023	1	Griffin_2023_Supp_Table_2_All_Curated_Genes.csv	FANCL
HGNC:20748	FANCL	griffin2023_curated_not_final	griffin2023	1	Griffin_2023_fully_curated_not_final_n196.csv	FANCL
HGNC:20748	FANCL	gencc_clingen_submitter_2026_08_10	gencc2022	1	GenCC_data_Aug10_2026	FANCL
HGNC:20748	FANCL	clingen_dosage_gene_2026_08_10	clingen_dosage	1	ClinGen_Dosage_GENE-only_10Aug26.csv	FANCL
HGNC:24678	FTO	griffin2023_supp1_candidates	griffin2023	1	Griffin_2023_Supp_Table_1_All_Candidate_Genes.csv	FTO
HGNC:24678	FTO	dong_recessive108	dong2025	1	Dong recessive 108	FTO
HGNC:23168	FANCM	griffin2023_supp1_candidates	griffin2023	1	Griffin_2023_Supp_Table_1_All_Candidate_Genes.csv	FANCM
HGNC:23168	FANCM	gencc_clingen_submitter_2026_08_10	gencc2022	1	GenCC_data_Aug10_2026	FANCM
HGNC:23168	FANCM	clingen_dosage_gene_2026_08_10	clingen_dosage	1	ClinGen_Dosage_GENE-only_10Aug26.csv	FANCM
HGNC:8568	FURIN	griffin2023_supp1_candidates	griffin2023	1	Griffin_2023_Supp_Table_1_All_Candidate_Genes.csv	FURIN
HGNC:3601	FBLN2	griffin2023_supp1_candidates	griffin2023	1	Griffin_2023_Supp_Table_1_All_Candidate_Genes.csv	FBLN2
HGNC:3601	FBLN2	griffin2023_supp2_curated	griffin2023	1	Griffin_2023_Supp_Table_2_All_Curated_Genes.csv	FBLN2
HGNC:3601	FBLN2	griffin2023_curated_not_final	griffin2023	1	Griffin_2023_fully_curated_not_final_n196.csv	FBLN2
HGNC:24861	G6PC3	griffin2023_table1_syndromic	griffin2023	1	Griffin_2023_table1_syndromic.csv	G6PC3
HGNC:24861	G6PC3	griffin2023_supp1_candidates	griffin2023	1	Griffin_2023_Supp_Table_1_All_Candidate_Genes.csv	G6PC3
HGNC:24861	G6PC3	griffin2023_supp2_curated	griffin2023	1	Griffin_2023_Supp_Table_2_All_Curated_Genes.csv	G6PC3
HGNC:24861	G6PC3	dong_recessive108	dong2025	1	Dong recessive 108	G6PC3
HGNC:24861	G6PC3	gencc_clingen_submitter_2026_08_10	gencc2022	1	GenCC_data_Aug10_2026	G6PC3
HGNC:24861	G6PC3	clingen_dosage_gene_2026_08_10	clingen_dosage	1	ClinGen_Dosage_GENE-only_10Aug26.csv	G6PC3
HGNC:3603	FBN1	chdgene_2026_08_10	chdgene	1	CHDGENE_table_10Aug26.csv	FBN1
HGNC:3603	FBN1	griffin2023_supp1_candidates	griffin2023	1	Griffin_2023_Supp_Table_1_All_Candidate_Genes.csv	FBN1
HGNC:3603	FBN1	griffin2023_supp2_curated	griffin2023	1	Griffin_2023_Supp_Table_2_All_Curated_Genes.csv	FBN1
HGNC:3603	FBN1	griffin2023_curated_not_final	griffin2023	1	Griffin_2023_fully_curated_not_final_n196.csv	FBN1
HGNC:3603	FBN1	gencc_clingen_submitter_2026_08_10	gencc2022	1	GenCC_data_Aug10_2026	FBN1
HGNC:3603	FBN1	clingen_dosage_gene_2026_08_10	clingen_dosage	1	ClinGen_Dosage_GENE-only_10Aug26.csv	FBN1
HGNC:27949	GADL1	griffin2023_supp1_candidates	griffin2023	1	Griffin_2023_Supp_Table_1_All_Candidate_Genes.csv	GADL1
HGNC:3604	FBN2	griffin2023_supp1_candidates	griffin2023	1	Griffin_2023_Supp_Table_1_All_Candidate_Genes.csv	FBN2
HGNC:3604	FBN2	griffin2023_supp2_curated	griffin2023	1	Griffin_2023_Supp_Table_2_All_Curated_Genes.csv	FBN2
HGNC:3604	FBN2	griffin2023_curated_not_final	griffin2023	1	Griffin_2023_fully_curated_not_final_n196.csv	FBN2
HGNC:3604	FBN2	gencc_clingen_submitter_2026_08_10	gencc2022	1	GenCC_data_Aug10_2026	FBN2
HGNC:3604	FBN2	clingen_dosage_gene_2026_08_10	clingen_dosage	1	ClinGen_Dosage_GENE-only_10Aug26.csv	FBN2
HGNC:4122	GALNS	dong_recessive108	dong2025	1	Dong recessive 108	GALNS
HGNC:4122	GALNS	gencc_clingen_submitter_2026_08_10	gencc2022	1	GenCC_data_Aug10_2026	GALNS
HGNC:4122	GALNS	clingen_dosage_gene_2026_08_10	clingen_dosage	1	ClinGen_Dosage_GENE-only_10Aug26.csv	GALNS
HGNC:3663	FGD1	griffin2023_supp1_candidates	griffin2023	1	Griffin_2023_Supp_Table_1_All_Candidate_Genes.csv	FGD1
HGNC:3663	FGD1	griffin2023_supp2_curated	griffin2023	1	Griffin_2023_Supp_Table_2_All_Curated_Genes.csv	FGD1
HGNC:3663	FGD1	griffin2023_curated_not_final	griffin2023	1	Griffin_2023_fully_curated_not_final_n196.csv	FGD1
HGNC:3663	FGD1	gencc_clingen_submitter_2026_08_10	gencc2022	1	GenCC_data_Aug10_2026	FGD1
HGNC:3663	FGD1	clingen_dosage_gene_2026_08_10	clingen_dosage	1	ClinGen_Dosage_GENE-only_10Aug26.csv	FGD1
HGNC:19875	GALNT11	griffin2023_supp1_candidates	griffin2023	1	Griffin_2023_Supp_Table_1_All_Candidate_Genes.csv	GALNT11
HGNC:19875	GALNT11	griffin2023_supp2_curated	griffin2023	1	Griffin_2023_Supp_Table_2_All_Curated_Genes.csv	GALNT11
HGNC:19875	GALNT11	griffin2023_curated_not_final	griffin2023	1	Griffin_2023_fully_curated_not_final_n196.csv	GALNT11
HGNC:3686	FGF8	griffin2023_supp1_candidates	griffin2023	1	Griffin_2023_Supp_Table_1_All_Candidate_Genes.csv	FGF8
HGNC:3686	FGF8	gencc_clingen_submitter_2026_08_10	gencc2022	1	GenCC_data_Aug10_2026	FGF8
HGNC:4138	GANAB	sierant_dominant60	sierant2025	1	Sierant dominant 60	GANAB
HGNC:4138	GANAB	gencc_clingen_submitter_2026_08_10	gencc2022	1	GenCC_data_Aug10_2026	GANAB
HGNC:4138	GANAB	clingen_dosage_gene_2026_08_10	clingen_dosage	1	ClinGen_Dosage_GENE-only_10Aug26.csv	GANAB
HGNC:3688	FGFR1	griffin2023_supp1_candidates	griffin2023	1	Griffin_2023_Supp_Table_1_All_Candidate_Genes.csv	FGFR1
HGNC:3688	FGFR1	griffin2023_supp2_curated	griffin2023	1	Griffin_2023_Supp_Table_2_All_Curated_Genes.csv	FGFR1
HGNC:3688	FGFR1	griffin2023_curated_not_final	griffin2023	1	Griffin_2023_fully_curated_not_final_n196.csv	FGFR1
HGNC:3688	FGFR1	gencc_clingen_submitter_2026_08_10	gencc2022	1	GenCC_data_Aug10_2026	FGFR1
HGNC:3688	FGFR1	clingen_dosage_gene_2026_08_10	clingen_dosage	1	ClinGen_Dosage_GENE-only_10Aug26.csv	FGFR1
HGNC:4173	GATA4	chdgene_2026_08_10	chdgene	1	CHDGENE_table_10Aug26.csv	GATA4
HGNC:4173	GATA4	griffin2023_table1_isolated	griffin2023	1	Griffin_2023_table1_isolated.csv	GATA4
HGNC:4173	GATA4	griffin2023_supp1_candidates	griffin2023	1	Griffin_2023_Supp_Table_1_All_Candidate_Genes.csv	GATA4
HGNC:4173	GATA4	griffin2023_supp2_curated	griffin2023	1	Griffin_2023_Supp_Table_2_All_Curated_Genes.csv	GATA4
HGNC:4173	GATA4	griffin2023_supp3_denovo	griffin2023	1	Griffin_2023_Supp_Table_3_Curated_De_Novo Variants.csv	GATA4
HGNC:4173	GATA4	sierant_dominant60	sierant2025	1	Sierant dominant 60	GATA4
HGNC:4173	GATA4	gencc_clingen_submitter_2026_08_10	gencc2022	1	GenCC_data_Aug10_2026	GATA4
HGNC:4173	GATA4	clingen_dosage_gene_2026_08_10	clingen_dosage	1	ClinGen_Dosage_GENE-only_10Aug26.csv	GATA4
HGNC:3689	FGFR2	chdgene_2026_08_10	chdgene	1	CHDGENE_table_10Aug26.csv	FGFR2
HGNC:3689	FGFR2	griffin2023_supp1_candidates	griffin2023	1	Griffin_2023_Supp_Table_1_All_Candidate_Genes.csv	FGFR2
HGNC:3689	FGFR2	griffin2023_supp2_curated	griffin2023	1	Griffin_2023_Supp_Table_2_All_Curated_Genes.csv	FGFR2
HGNC:3689	FGFR2	griffin2023_curated_not_final	griffin2023	1	Griffin_2023_fully_curated_not_final_n196.csv	FGFR2
HGNC:3689	FGFR2	gencc_clingen_submitter_2026_08_10	gencc2022	1	GenCC_data_Aug10_2026	FGFR2
HGNC:15802	GATA5	chdgene_2026_08_10	chdgene	1	CHDGENE_table_10Aug26.csv	GATA5
HGNC:15802	GATA5	griffin2023_table1_isolated	griffin2023	1	Griffin_2023_table1_isolated.csv	GATA5
HGNC:15802	GATA5	griffin2023_supp1_candidates	griffin2023	1	Griffin_2023_Supp_Table_1_All_Candidate_Genes.csv	GATA5
HGNC:15802	GATA5	griffin2023_supp2_curated	griffin2023	1	Griffin_2023_Supp_Table_2_All_Curated_Genes.csv	GATA5
HGNC:16873	FIG4	griffin2023_supp1_candidates	griffin2023	1	Griffin_2023_Supp_Table_1_All_Candidate_Genes.csv	FIG4
HGNC:16873	FIG4	dong_recessive108	dong2025	1	Dong recessive 108	FIG4
HGNC:16873	FIG4	gencc_clingen_submitter_2026_08_10	gencc2022	1	GenCC_data_Aug10_2026	FIG4
HGNC:4174	GATA6	chdgene_2026_08_10	chdgene	1	CHDGENE_table_10Aug26.csv	GATA6
HGNC:4174	GATA6	griffin2023_table1_isolated	griffin2023	1	Griffin_2023_table1_isolated.csv	GATA6
HGNC:4174	GATA6	griffin2023_supp1_candidates	griffin2023	1	Griffin_2023_Supp_Table_1_All_Candidate_Genes.csv	GATA6
HGNC:4174	GATA6	griffin2023_supp2_curated	griffin2023	1	Griffin_2023_Supp_Table_2_All_Curated_Genes.csv	GATA6
HGNC:4174	GATA6	griffin2023_supp3_denovo	griffin2023	1	Griffin_2023_Supp_Table_3_Curated_De_Novo Variants.csv	GATA6
HGNC:4174	GATA6	sierant_dominant60	sierant2025	1	Sierant dominant 60	GATA6
HGNC:4174	GATA6	gencc_clingen_submitter_2026_08_10	gencc2022	1	GenCC_data_Aug10_2026	GATA6
HGNC:4174	GATA6	clingen_dosage_gene_2026_08_10	clingen_dosage	1	ClinGen_Dosage_GENE-only_10Aug26.csv	GATA6
HGNC:3622	FKTN	griffin2023_supp1_candidates	griffin2023	1	Griffin_2023_Supp_Table_1_All_Candidate_Genes.csv	FKTN
HGNC:4214	GDF1	chdgene_2026_08_10	chdgene	1	CHDGENE_table_10Aug26.csv	GDF1
HGNC:4214	GDF1	griffin2023_table1_syndromic	griffin2023	1	Griffin_2023_table1_syndromic.csv	GDF1
HGNC:4214	GDF1	griffin2023_supp1_candidates	griffin2023	1	Griffin_2023_Supp_Table_1_All_Candidate_Genes.csv	GDF1
HGNC:4214	GDF1	griffin2023_supp2_curated	griffin2023	1	Griffin_2023_Supp_Table_2_All_Curated_Genes.csv	GDF1
HGNC:4214	GDF1	griffin2023_supp3_denovo	griffin2023	1	Griffin_2023_Supp_Table_3_Curated_De_Novo Variants.csv	GDF1
HGNC:4214	GDF1	griffin2023_supp5_recessive	griffin2023	1	Griffin_2023_Supp_Table_5_Curated_Recessive_Variants.csv	GDF1
HGNC:4214	GDF1	dong_recessive108	dong2025	1	Dong recessive 108	GDF1
HGNC:4214	GDF1	dong_observed_recessive23	dong2025	1	Dong observed recessive 23	GDF1
HGNC:3754	FLNA	chdgene_2026_08_10	chdgene	1	CHDGENE_table_10Aug26.csv	FLNA
HGNC:3754	FLNA	griffin2023_supp1_candidates	griffin2023	1	Griffin_2023_Supp_Table_1_All_Candidate_Genes.csv	FLNA
HGNC:3754	FLNA	griffin2023_supp2_curated	griffin2023	1	Griffin_2023_Supp_Table_2_All_Curated_Genes.csv	FLNA
HGNC:3754	FLNA	griffin2023_curated_not_final	griffin2023	1	Griffin_2023_fully_curated_not_final_n196.csv	FLNA
HGNC:3754	FLNA	gencc_clingen_submitter_2026_08_10	gencc2022	1	GenCC_data_Aug10_2026	FLNA
HGNC:3754	FLNA	clingen_dosage_gene_2026_08_10	clingen_dosage	1	ClinGen_Dosage_GENE-only_10Aug26.csv	FLNA
HGNC:4274	GJA1	chdgene_2026_08_10	chdgene	1	CHDGENE_table_10Aug26.csv	GJA1
HGNC:4274	GJA1	griffin2023_supp1_candidates	griffin2023	1	Griffin_2023_Supp_Table_1_All_Candidate_Genes.csv	GJA1
HGNC:4274	GJA1	griffin2023_supp2_curated	griffin2023	1	Griffin_2023_Supp_Table_2_All_Curated_Genes.csv	GJA1
HGNC:4274	GJA1	griffin2023_curated_not_final	griffin2023	1	Griffin_2023_fully_curated_not_final_n196.csv	GJA1
HGNC:4274	GJA1	dong_recessive108	dong2025	1	Dong recessive 108	GJA1
HGNC:4274	GJA1	gencc_clingen_submitter_2026_08_10	gencc2022	1	GenCC_data_Aug10_2026	GJA1
HGNC:4274	GJA1	clingen_dosage_gene_2026_08_10	clingen_dosage	1	ClinGen_Dosage_GENE-only_10Aug26.csv	GJA1
HGNC:3755	FLNB	griffin2023_supp1_candidates	griffin2023	1	Griffin_2023_Supp_Table_1_All_Candidate_Genes.csv	FLNB
HGNC:3755	FLNB	gencc_clingen_submitter_2026_08_10	gencc2022	1	GenCC_data_Aug10_2026	FLNB
HGNC:3755	FLNB	clingen_dosage_gene_2026_08_10	clingen_dosage	1	ClinGen_Dosage_GENE-only_10Aug26.csv	FLNB
HGNC:4279	GJA5	griffin2023_supp1_candidates	griffin2023	1	Griffin_2023_Supp_Table_1_All_Candidate_Genes.csv	GJA5
HGNC:4279	GJA5	griffin2023_supp2_curated	griffin2023	1	Griffin_2023_Supp_Table_2_All_Curated_Genes.csv	GJA5
HGNC:4279	GJA5	griffin2023_curated_not_final	griffin2023	1	Griffin_2023_fully_curated_not_final_n196.csv	GJA5
HGNC:4279	GJA5	clingen_dosage_gene_2026_08_10	clingen_dosage	1	ClinGen_Dosage_GENE-only_10Aug26.csv	GJA5
HGNC:3767	FLT4	chdgene_2026_08_10	chdgene	1	CHDGENE_table_10Aug26.csv	FLT4
HGNC:3767	FLT4	griffin2023_table1_isolated	griffin2023	1	Griffin_2023_table1_isolated.csv	FLT4
HGNC:3767	FLT4	griffin2023_supp1_candidates	griffin2023	1	Griffin_2023_Supp_Table_1_All_Candidate_Genes.csv	FLT4
HGNC:3767	FLT4	griffin2023_supp2_curated	griffin2023	1	Griffin_2023_Supp_Table_2_All_Curated_Genes.csv	FLT4
HGNC:3767	FLT4	griffin2023_supp3_denovo	griffin2023	1	Griffin_2023_Supp_Table_3_Curated_De_Novo Variants.csv	FLT4
HGNC:3767	FLT4	griffin2023_supp4_lof	griffin2023	1	Griffin_2023_Supp_Table_4_Curated_LoF_Variants.csv	FLT4
HGNC:3767	FLT4	sierant_dominant60	sierant2025	1	Sierant dominant 60	FLT4
HGNC:3767	FLT4	gencc_clingen_submitter_2026_08_10	gencc2022	1	GenCC_data_Aug10_2026	FLT4
HGNC:4281	GJA8	griffin2023_supp1_candidates	griffin2023	1	Griffin_2023_Supp_Table_1_All_Candidate_Genes.csv	GJA8
HGNC:4281	GJA8	clingen_dosage_gene_2026_08_10	clingen_dosage	1	ClinGen_Dosage_GENE-only_10Aug26.csv	GJA8
HGNC:3773	FMO5	griffin2023_supp1_candidates	griffin2023	1	Griffin_2023_Supp_Table_1_All_Candidate_Genes.csv	FMO5
HGNC:3773	FMO5	griffin2023_supp2_curated	griffin2023	1	Griffin_2023_Supp_Table_2_All_Curated_Genes.csv	FMO5
HGNC:3773	FMO5	griffin2023_curated_not_final	griffin2023	1	Griffin_2023_fully_curated_not_final_n196.csv	FMO5
HGNC:3773	FMO5	gencc_clingen_submitter_2026_08_10	gencc2022	1	GenCC_data_Aug10_2026	FMO5
HGNC:19155	GJA9	griffin2023_supp1_candidates	griffin2023	1	Griffin_2023_Supp_Table_1_All_Candidate_Genes.csv	GJA9
HGNC:3775	FMR1	griffin2023_supp1_candidates	griffin2023	1	Griffin_2023_Supp_Table_1_All_Candidate_Genes.csv	FMR1
HGNC:3775	FMR1	griffin2023_supp2_curated	griffin2023	1	Griffin_2023_Supp_Table_2_All_Curated_Genes.csv	FMR1
HGNC:3775	FMR1	griffin2023_curated_not_final	griffin2023	1	Griffin_2023_fully_curated_not_final_n196.csv	FMR1
HGNC:3775	FMR1	gencc_clingen_submitter_2026_08_10	gencc2022	1	GenCC_data_Aug10_2026	FMR1
HGNC:3775	FMR1	clingen_dosage_gene_2026_08_10	clingen_dosage	1	ClinGen_Dosage_GENE-only_10Aug26.csv	FMR1
HGNC:4280	GJC1	griffin2023_supp1_candidates	griffin2023	1	Griffin_2023_Supp_Table_1_All_Candidate_Genes.csv	GJC1
HGNC:4319	GLI3	chdgene_2026_08_10	chdgene	1	CHDGENE_table_10Aug26.csv	GLI3
HGNC:4319	GLI3	griffin2023_supp1_candidates	griffin2023	1	Griffin_2023_Supp_Table_1_All_Candidate_Genes.csv	GLI3
HGNC:4319	GLI3	gencc_clingen_submitter_2026_08_10	gencc2022	1	GenCC_data_Aug10_2026	GLI3
HGNC:4319	GLI3	clingen_dosage_gene_2026_08_10	clingen_dosage	1	ClinGen_Dosage_GENE-only_10Aug26.csv	GLI3
HGNC:10524	SALL1	chdgene_2026_08_10	chdgene	1	CHDGENE_table_10Aug26.csv	SALL1
HGNC:10524	SALL1	griffin2023_table1_syndromic	griffin2023	1	Griffin_2023_table1_syndromic.csv	SALL1
HGNC:10524	SALL1	griffin2023_supp1_candidates	griffin2023	1	Griffin_2023_Supp_Table_1_All_Candidate_Genes.csv	SALL1
HGNC:10524	SALL1	griffin2023_supp2_curated	griffin2023	1	Griffin_2023_Supp_Table_2_All_Curated_Genes.csv	SALL1
HGNC:10524	SALL1	griffin2023_supp3_denovo	griffin2023	1	Griffin_2023_Supp_Table_3_Curated_De_Novo Variants.csv	SALL1
HGNC:10524	SALL1	gencc_clingen_submitter_2026_08_10	gencc2022	1	GenCC_data_Aug10_2026	SALL1
HGNC:10524	SALL1	clingen_dosage_gene_2026_08_10	clingen_dosage	1	ClinGen_Dosage_GENE-only_10Aug26.csv	SALL1
HGNC:18541	KMT2E	griffin2023_supp1_candidates	griffin2023	1	Griffin_2023_Supp_Table_1_All_Candidate_Genes.csv	KMT2E
HGNC:18541	KMT2E	clingen_dosage_gene_2026_08_10	clingen_dosage	1	ClinGen_Dosage_GENE-only_10Aug26.csv	KMT2E
HGNC:5466	IGF2	chdgene_2026_08_10	chdgene	1	CHDGENE_table_10Aug26.csv	IGF2
HGNC:5466	IGF2	clingen_dosage_gene_2026_08_10	clingen_dosage	1	ClinGen_Dosage_GENE-only_10Aug26.csv	IGF2
HGNC:11188	SOS2	griffin2023_supp1_candidates	griffin2023	1	Griffin_2023_Supp_Table_1_All_Candidate_Genes.csv	SOS2
HGNC:11188	SOS2	griffin2023_supp2_curated	griffin2023	1	Griffin_2023_Supp_Table_2_All_Curated_Genes.csv	SOS2
HGNC:11188	SOS2	griffin2023_curated_not_final	griffin2023	1	Griffin_2023_fully_curated_not_final_n196.csv	SOS2
HGNC:11188	SOS2	clingen_dosage_gene_2026_08_10	clingen_dosage	1	ClinGen_Dosage_GENE-only_10Aug26.csv	SOS2
HGNC:24750	ZNF699	chdgene_2026_08_10	chdgene	1	CHDGENE_table_10Aug26.csv	ZNF699
HGNC:12682	VEGFC	griffin2023_supp1_candidates	griffin2023	1	Griffin_2023_Supp_Table_1_All_Candidate_Genes.csv	VEGFC
HGNC:10249	ROBO1	chdgene_2026_08_10	chdgene	1	CHDGENE_table_10Aug26.csv	ROBO1
HGNC:10249	ROBO1	gencc_clingen_submitter_2026_08_10	gencc2022	1	GenCC_data_Aug10_2026	ROBO1
HGNC:10249	ROBO1	clingen_dosage_gene_2026_08_10	clingen_dosage	1	ClinGen_Dosage_GENE-only_10Aug26.csv	ROBO1
HGNC:9896	RBM10	griffin2023_table1_syndromic	griffin2023	1	Griffin_2023_table1_syndromic.csv	RBM10
HGNC:9896	RBM10	griffin2023_supp1_candidates	griffin2023	1	Griffin_2023_Supp_Table_1_All_Candidate_Genes.csv	RBM10
HGNC:9896	RBM10	griffin2023_supp2_curated	griffin2023	1	Griffin_2023_Supp_Table_2_All_Curated_Genes.csv	RBM10
HGNC:11714	TEAD1	griffin2023_supp1_candidates	griffin2023	1	Griffin_2023_Supp_Table_1_All_Candidate_Genes.csv	TEAD1
HGNC:7820	NHS	griffin2023_supp1_candidates	griffin2023	1	Griffin_2023_Supp_Table_1_All_Candidate_Genes.csv	NHS
HGNC:7820	NHS	griffin2023_supp2_curated	griffin2023	1	Griffin_2023_Supp_Table_2_All_Curated_Genes.csv	NHS
HGNC:7820	NHS	griffin2023_curated_not_final	griffin2023	1	Griffin_2023_fully_curated_not_final_n196.csv	NHS
HGNC:7820	NHS	gencc_clingen_submitter_2026_08_10	gencc2022	1	GenCC_data_Aug10_2026	NHS
HGNC:7820	NHS	clingen_dosage_gene_2026_08_10	clingen_dosage	1	ClinGen_Dosage_GENE-only_10Aug26.csv	NHS
HGNC:8632	PBX1	chdgene_2026_08_10	chdgene	1	CHDGENE_table_10Aug26.csv	PBX1
HGNC:8632	PBX1	griffin2023_table1_syndromic	griffin2023	1	Griffin_2023_table1_syndromic.csv	PBX1
HGNC:8632	PBX1	griffin2023_supp1_candidates	griffin2023	1	Griffin_2023_Supp_Table_1_All_Candidate_Genes.csv	PBX1
HGNC:8632	PBX1	griffin2023_supp2_curated	griffin2023	1	Griffin_2023_Supp_Table_2_All_Curated_Genes.csv	PBX1
HGNC:8632	PBX1	gencc_clingen_submitter_2026_08_10	gencc2022	1	GenCC_data_Aug10_2026	PBX1
HGNC:8632	PBX1	clingen_dosage_gene_2026_08_10	clingen_dosage	1	ClinGen_Dosage_GENE-only_10Aug26.csv	PBX1
HGNC:24663	RABGAP1L	sierant_dominant60	sierant2025	1	Sierant dominant 60	RABGAP1L
HGNC:7577	MYH7	chdgene_2026_08_10	chdgene	1	CHDGENE_table_10Aug26.csv	MYH7
HGNC:7577	MYH7	griffin2023_supp1_candidates	griffin2023	1	Griffin_2023_Supp_Table_1_All_Candidate_Genes.csv	MYH7
HGNC:7577	MYH7	griffin2023_supp2_curated	griffin2023	1	Griffin_2023_Supp_Table_2_All_Curated_Genes.csv	MYH7
HGNC:7577	MYH7	griffin2023_curated_not_final	griffin2023	1	Griffin_2023_fully_curated_not_final_n196.csv	MYH7
HGNC:7577	MYH7	gencc_clingen_submitter_2026_08_10	gencc2022	1	GenCC_data_Aug10_2026	MYH7
HGNC:7577	MYH7	clingen_dosage_gene_2026_08_10	clingen_dosage	1	ClinGen_Dosage_GENE-only_10Aug26.csv	MYH7
HGNC:10725	SEMA3C	griffin2023_supp1_candidates	griffin2023	1	Griffin_2023_Supp_Table_1_All_Candidate_Genes.csv	SEMA3C
HGNC:8923	PHGDH	griffin2023_supp1_candidates	griffin2023	1	Griffin_2023_Supp_Table_1_All_Candidate_Genes.csv	PHGDH
HGNC:8923	PHGDH	gencc_clingen_submitter_2026_08_10	gencc2022	1	GenCC_data_Aug10_2026	PHGDH
HGNC:9008	PKD1	griffin2023_table1_syndromic	griffin2023	1	Griffin_2023_table1_syndromic.csv	PKD1
HGNC:9008	PKD1	griffin2023_supp1_candidates	griffin2023	1	Griffin_2023_Supp_Table_1_All_Candidate_Genes.csv	PKD1
HGNC:9008	PKD1	griffin2023_supp2_curated	griffin2023	1	Griffin_2023_Supp_Table_2_All_Curated_Genes.csv	PKD1
HGNC:9008	PKD1	griffin2023_supp3_denovo	griffin2023	1	Griffin_2023_Supp_Table_3_Curated_De_Novo Variants.csv	PKD1
HGNC:9008	PKD1	gencc_clingen_submitter_2026_08_10	gencc2022	1	GenCC_data_Aug10_2026	PKD1
HGNC:9008	PKD1	clingen_dosage_gene_2026_08_10	clingen_dosage	1	ClinGen_Dosage_GENE-only_10Aug26.csv	PKD1
HGNC:26560	ODAD1	griffin2023_supp1_candidates	griffin2023	1	Griffin_2023_Supp_Table_1_All_Candidate_Genes.csv	CCDC114
HGNC:26560	ODAD1	griffin2023_supp2_curated	griffin2023	1	Griffin_2023_Supp_Table_2_All_Curated_Genes.csv	CCDC114
HGNC:26560	ODAD1	griffin2023_curated_not_final	griffin2023	1	Griffin_2023_fully_curated_not_final_n196.csv	CCDC114
HGNC:26560	ODAD1	dong_recessive108	dong2025	1	Dong recessive 108	CCDC114
HGNC:29250	WDR35	griffin2023_supp1_candidates	griffin2023	1	Griffin_2023_Supp_Table_1_All_Candidate_Genes.csv	WDR35
HGNC:29250	WDR35	dong_recessive108	dong2025	1	Dong recessive 108	WDR35
HGNC:29250	WDR35	gencc_clingen_submitter_2026_08_10	gencc2022	1	GenCC_data_Aug10_2026	WDR35
HGNC:29250	WDR35	clingen_dosage_gene_2026_08_10	clingen_dosage	1	ClinGen_Dosage_GENE-only_10Aug26.csv	WDR35
HGNC:13672	KLF13	griffin2023_supp1_candidates	griffin2023	1	Griffin_2023_Supp_Table_1_All_Candidate_Genes.csv	KLF13
HGNC:13672	KLF13	griffin2023_supp2_curated	griffin2023	1	Griffin_2023_Supp_Table_2_All_Curated_Genes.csv	KLF13
HGNC:13672	KLF13	griffin2023_curated_not_final	griffin2023	1	Griffin_2023_fully_curated_not_final_n196.csv	KLF13
HGNC:13672	KLF13	gencc_clingen_submitter_2026_08_10	gencc2022	1	GenCC_data_Aug10_2026	KLF13
HGNC:6996	MEF2C	griffin2023_supp1_candidates	griffin2023	1	Griffin_2023_Supp_Table_1_All_Candidate_Genes.csv	MEF2C
HGNC:6996	MEF2C	griffin2023_supp2_curated	griffin2023	1	Griffin_2023_Supp_Table_2_All_Curated_Genes.csv	MEF2C
HGNC:6996	MEF2C	griffin2023_curated_not_final	griffin2023	1	Griffin_2023_fully_curated_not_final_n196.csv	MEF2C
HGNC:6996	MEF2C	gencc_clingen_submitter_2026_08_10	gencc2022	1	GenCC_data_Aug10_2026	MEF2C
HGNC:6996	MEF2C	clingen_dosage_gene_2026_08_10	clingen_dosage	1	ClinGen_Dosage_GENE-only_10Aug26.csv	MEF2C
HGNC:6594	LHX2	sierant_dominant60	sierant2025	1	Sierant dominant 60	LHX2
HGNC:6594	LHX2	gencc_clingen_submitter_2026_08_10	gencc2022	1	GenCC_data_Aug10_2026	LHX2
HGNC:16461	WBP11	chdgene_2026_08_10	chdgene	1	CHDGENE_table_10Aug26.csv	WBP11
HGNC:24565	KANSL1	chdgene_2026_08_10	chdgene	1	CHDGENE_table_10Aug26.csv	KANSL1
HGNC:24565	KANSL1	griffin2023_table1_syndromic	griffin2023	1	Griffin_2023_table1_syndromic.csv	KANSL1
HGNC:24565	KANSL1	griffin2023_supp1_candidates	griffin2023	1	Griffin_2023_Supp_Table_1_All_Candidate_Genes.csv	KANSL1
HGNC:24565	KANSL1	griffin2023_supp2_curated	griffin2023	1	Griffin_2023_Supp_Table_2_All_Curated_Genes.csv	KANSL1
HGNC:24565	KANSL1	griffin2023_supp3_denovo	griffin2023	1	Griffin_2023_Supp_Table_3_Curated_De_Novo Variants.csv	KANSL1
HGNC:24565	KANSL1	gencc_clingen_submitter_2026_08_10	gencc2022	1	GenCC_data_Aug10_2026	KANSL1
HGNC:24565	KANSL1	clingen_dosage_gene_2026_08_10	clingen_dosage	1	ClinGen_Dosage_GENE-only_10Aug26.csv	KANSL1
HGNC:12310	TRIP4	dong_recessive108	dong2025	1	Dong recessive 108	TRIP4
HGNC:12310	TRIP4	clingen_dosage_gene_2026_08_10	clingen_dosage	1	ClinGen_Dosage_GENE-only_10Aug26.csv	TRIP4
HGNC:6859	MAP3K7	chdgene_2026_08_10	chdgene	1	CHDGENE_table_10Aug26.csv	MAP3K7
HGNC:28229	LLPH	griffin2023_supp1_candidates	griffin2023	1	Griffin_2023_Supp_Table_1_All_Candidate_Genes.csv	LLPH
HGNC:6415	KRT13	sierant_dominant60	sierant2025	1	Sierant dominant 60	KRT13
HGNC:11592	TBX1	chdgene_2026_08_10	chdgene	1	CHDGENE_table_10Aug26.csv	TBX1
HGNC:11592	TBX1	griffin2023_supp1_candidates	griffin2023	1	Griffin_2023_Supp_Table_1_All_Candidate_Genes.csv	TBX1
HGNC:11592	TBX1	griffin2023_supp2_curated	griffin2023	1	Griffin_2023_Supp_Table_2_All_Curated_Genes.csv	TBX1
HGNC:11592	TBX1	griffin2023_curated_not_final	griffin2023	1	Griffin_2023_fully_curated_not_final_n196.csv	TBX1
HGNC:11592	TBX1	sierant_dominant60	sierant2025	1	Sierant dominant 60	TBX1
HGNC:11592	TBX1	clingen_dosage_gene_2026_08_10	clingen_dosage	1	ClinGen_Dosage_GENE-only_10Aug26.csv	TBX1
HGNC:16700	ZFPM2	chdgene_2026_08_10	chdgene	1	CHDGENE_table_10Aug26.csv	ZFPM2
HGNC:16700	ZFPM2	griffin2023_supp1_candidates	griffin2023	1	Griffin_2023_Supp_Table_1_All_Candidate_Genes.csv	ZFPM2
HGNC:16700	ZFPM2	griffin2023_supp2_curated	griffin2023	1	Griffin_2023_Supp_Table_2_All_Curated_Genes.csv	ZFPM2
HGNC:16700	ZFPM2	griffin2023_curated_not_final	griffin2023	1	Griffin_2023_fully_curated_not_final_n196.csv	ZFPM2
HGNC:16700	ZFPM2	clingen_dosage_gene_2026_08_10	clingen_dosage	1	ClinGen_Dosage_GENE-only_10Aug26.csv	ZFPM2
HGNC:21558	RSPH4A	griffin2023_supp1_candidates	griffin2023	1	Griffin_2023_Supp_Table_1_All_Candidate_Genes.csv	RSPH4A
HGNC:21558	RSPH4A	gencc_clingen_submitter_2026_08_10	gencc2022	1	GenCC_data_Aug10_2026	RSPH4A
HGNC:21558	RSPH4A	clingen_dosage_gene_2026_08_10	clingen_dosage	1	ClinGen_Dosage_GENE-only_10Aug26.csv	RSPH4A
HGNC:11632	TCF21	griffin2023_supp1_candidates	griffin2023	1	Griffin_2023_Supp_Table_1_All_Candidate_Genes.csv	TCF21
HGNC:11632	TCF21	griffin2023_supp2_curated	griffin2023	1	Griffin_2023_Supp_Table_2_All_Curated_Genes.csv	TCF21
HGNC:11632	TCF21	griffin2023_curated_not_final	griffin2023	1	Griffin_2023_fully_curated_not_final_n196.csv	TCF21
HGNC:11632	TCF21	gencc_clingen_submitter_2026_08_10	gencc2022	1	GenCC_data_Aug10_2026	TCF21
HGNC:11602	TBX3	chdgene_2026_08_10	chdgene	1	CHDGENE_table_10Aug26.csv	TBX3
HGNC:11602	TBX3	griffin2023_supp1_candidates	griffin2023	1	Griffin_2023_Supp_Table_1_All_Candidate_Genes.csv	TBX3
HGNC:11602	TBX3	griffin2023_supp2_curated	griffin2023	1	Griffin_2023_Supp_Table_2_All_Curated_Genes.csv	TBX3
HGNC:11602	TBX3	griffin2023_curated_not_final	griffin2023	1	Griffin_2023_fully_curated_not_final_n196.csv	TBX3
HGNC:11602	TBX3	gencc_clingen_submitter_2026_08_10	gencc2022	1	GenCC_data_Aug10_2026	TBX3
HGNC:11602	TBX3	clingen_dosage_gene_2026_08_10	clingen_dosage	1	ClinGen_Dosage_GENE-only_10Aug26.csv	TBX3
HGNC:7777	NFATC3	griffin2023_supp1_candidates	griffin2023	1	Griffin_2023_Supp_Table_1_All_Candidate_Genes.csv	NFATC3
HGNC:6768	SMAD2	chdgene_2026_08_10	chdgene	1	CHDGENE_table_10Aug26.csv	SMAD2
HGNC:6768	SMAD2	griffin2023_table1_isolated	griffin2023	1	Griffin_2023_table1_isolated.csv	SMAD2
HGNC:6768	SMAD2	griffin2023_supp1_candidates	griffin2023	1	Griffin_2023_Supp_Table_1_All_Candidate_Genes.csv	SMAD2
HGNC:6768	SMAD2	griffin2023_supp2_curated	griffin2023	1	Griffin_2023_Supp_Table_2_All_Curated_Genes.csv	SMAD2
HGNC:6768	SMAD2	griffin2023_supp3_denovo	griffin2023	1	Griffin_2023_Supp_Table_3_Curated_De_Novo Variants.csv	SMAD2
HGNC:6768	SMAD2	sierant_dominant60	sierant2025	1	Sierant dominant 60	SMAD2
HGNC:6768	SMAD2	gencc_clingen_submitter_2026_08_10	gencc2022	1	GenCC_data_Aug10_2026	SMAD2
HGNC:6768	SMAD2	clingen_dosage_gene_2026_08_10	clingen_dosage	1	ClinGen_Dosage_GENE-only_10Aug26.csv	SMAD2
HGNC:13398	NSDHL	griffin2023_supp1_candidates	griffin2023	1	Griffin_2023_Supp_Table_1_All_Candidate_Genes.csv	NSDHL
HGNC:13398	NSDHL	griffin2023_supp2_curated	griffin2023	1	Griffin_2023_Supp_Table_2_All_Curated_Genes.csv	NSDHL
HGNC:13398	NSDHL	griffin2023_curated_not_final	griffin2023	1	Griffin_2023_fully_curated_not_final_n196.csv	NSDHL
HGNC:13398	NSDHL	gencc_clingen_submitter_2026_08_10	gencc2022	1	GenCC_data_Aug10_2026	NSDHL
HGNC:13398	NSDHL	clingen_dosage_gene_2026_08_10	clingen_dosage	1	ClinGen_Dosage_GENE-only_10Aug26.csv	NSDHL
HGNC:8851	PEX10	griffin2023_supp1_candidates	griffin2023	1	Griffin_2023_Supp_Table_1_All_Candidate_Genes.csv	PEX10
HGNC:8851	PEX10	gencc_clingen_submitter_2026_08_10	gencc2022	1	GenCC_data_Aug10_2026	PEX10
HGNC:10593	SCN5A	griffin2023_supp1_candidates	griffin2023	1	Griffin_2023_Supp_Table_1_All_Candidate_Genes.csv	SCN5A
HGNC:10593	SCN5A	griffin2023_supp2_curated	griffin2023	1	Griffin_2023_Supp_Table_2_All_Curated_Genes.csv	SCN5A
HGNC:10593	SCN5A	griffin2023_curated_not_final	griffin2023	1	Griffin_2023_fully_curated_not_final_n196.csv	SCN5A
HGNC:10593	SCN5A	gencc_clingen_submitter_2026_08_10	gencc2022	1	GenCC_data_Aug10_2026	SCN5A
HGNC:10593	SCN5A	clingen_dosage_gene_2026_08_10	clingen_dosage	1	ClinGen_Dosage_GENE-only_10Aug26.csv	SCN5A
HGNC:6889	MAPKAPK5	chdgene_2026_08_10	chdgene	1	CHDGENE_table_10Aug26.csv	MAPKAPK5
HGNC:6518	LBR	griffin2023_supp1_candidates	griffin2023	1	Griffin_2023_Supp_Table_1_All_Candidate_Genes.csv	LBR
HGNC:6518	LBR	gencc_clingen_submitter_2026_08_10	gencc2022	1	GenCC_data_Aug10_2026	LBR
HGNC:6518	LBR	clingen_dosage_gene_2026_08_10	clingen_dosage	1	ClinGen_Dosage_GENE-only_10Aug26.csv	LBR
HGNC:7739	NEFL	griffin2023_supp1_candidates	griffin2023	1	Griffin_2023_Supp_Table_1_All_Candidate_Genes.csv	NEFL
HGNC:7739	NEFL	gencc_clingen_submitter_2026_08_10	gencc2022	1	GenCC_data_Aug10_2026	NEFL
HGNC:7739	NEFL	clingen_dosage_gene_2026_08_10	clingen_dosage	1	ClinGen_Dosage_GENE-only_10Aug26.csv	NEFL
HGNC:12362	TSC1	griffin2023_supp1_candidates	griffin2023	1	Griffin_2023_Supp_Table_1_All_Candidate_Genes.csv	TSC1
HGNC:12362	TSC1	sierant_dominant60	sierant2025	1	Sierant dominant 60	TSC1
HGNC:12362	TSC1	clingen_dosage_gene_2026_08_10	clingen_dosage	1	ClinGen_Dosage_GENE-only_10Aug26.csv	TSC1
HGNC:7132	KMT2A	chdgene_2026_08_10	chdgene	1	CHDGENE_table_10Aug26.csv	KMT2A
HGNC:7132	KMT2A	griffin2023_supp1_candidates	griffin2023	1	Griffin_2023_Supp_Table_1_All_Candidate_Genes.csv	KMT2A
HGNC:7132	KMT2A	griffin2023_supp2_curated	griffin2023	1	Griffin_2023_Supp_Table_2_All_Curated_Genes.csv	KMT2A
HGNC:7132	KMT2A	griffin2023_curated_not_final	griffin2023	1	Griffin_2023_fully_curated_not_final_n196.csv	KMT2A
HGNC:7132	KMT2A	gencc_clingen_submitter_2026_08_10	gencc2022	1	GenCC_data_Aug10_2026	KMT2A
HGNC:7132	KMT2A	clingen_dosage_gene_2026_08_10	clingen_dosage	1	ClinGen_Dosage_GENE-only_10Aug26.csv	KMT2A
HGNC:11595	TBX18	sierant_dominant60	sierant2025	1	Sierant dominant 60	TBX18
HGNC:7765	NF1	chdgene_2026_08_10	chdgene	1	CHDGENE_table_10Aug26.csv	NF1
HGNC:7765	NF1	griffin2023_table1_syndromic	griffin2023	1	Griffin_2023_table1_syndromic.csv	NF1
HGNC:7765	NF1	griffin2023_supp1_candidates	griffin2023	1	Griffin_2023_Supp_Table_1_All_Candidate_Genes.csv	NF1
HGNC:7765	NF1	griffin2023_supp2_curated	griffin2023	1	Griffin_2023_Supp_Table_2_All_Curated_Genes.csv	NF1
HGNC:7765	NF1	gencc_clingen_submitter_2026_08_10	gencc2022	1	GenCC_data_Aug10_2026	NF1
HGNC:7765	NF1	clingen_dosage_gene_2026_08_10	clingen_dosage	1	ClinGen_Dosage_GENE-only_10Aug26.csv	NF1
HGNC:10252	ROCK2	griffin2023_supp1_candidates	griffin2023	1	Griffin_2023_Supp_Table_1_All_Candidate_Genes.csv	ROCK2
HGNC:10252	ROCK2	griffin2023_supp2_curated	griffin2023	1	Griffin_2023_Supp_Table_2_All_Curated_Genes.csv	ROCK2
HGNC:10252	ROCK2	griffin2023_curated_not_final	griffin2023	1	Griffin_2023_fully_curated_not_final_n196.csv	ROCK2
HGNC:10252	ROCK2	gencc_clingen_submitter_2026_08_10	gencc2022	1	GenCC_data_Aug10_2026	ROCK2
HGNC:34016	RNU4ATAC	griffin2023_supp1_candidates	griffin2023	1	Griffin_2023_Supp_Table_1_All_Candidate_Genes.csv	RNU4ATAC
HGNC:34016	RNU4ATAC	gencc_clingen_submitter_2026_08_10	gencc2022	1	GenCC_data_Aug10_2026	RNU4ATAC
HGNC:4808	HAND2	chdgene_2026_08_10	chdgene	1	CHDGENE_table_10Aug26.csv	HAND2
HGNC:4808	HAND2	griffin2023_table1_isolated	griffin2023	1	Griffin_2023_table1_isolated.csv	HAND2
HGNC:4808	HAND2	griffin2023_supp1_candidates	griffin2023	1	Griffin_2023_Supp_Table_1_All_Candidate_Genes.csv	HAND2
HGNC:4808	HAND2	griffin2023_supp2_curated	griffin2023	1	Griffin_2023_Supp_Table_2_All_Curated_Genes.csv	HAND2
HGNC:4808	HAND2	gencc_clingen_submitter_2026_08_10	gencc2022	1	GenCC_data_Aug10_2026	HAND2
HGNC:10432	RPS6KA3	griffin2023_supp1_candidates	griffin2023	1	Griffin_2023_Supp_Table_1_All_Candidate_Genes.csv	RPS6KA3
HGNC:10432	RPS6KA3	griffin2023_supp2_curated	griffin2023	1	Griffin_2023_Supp_Table_2_All_Curated_Genes.csv	RPS6KA3
HGNC:10432	RPS6KA3	griffin2023_curated_not_final	griffin2023	1	Griffin_2023_fully_curated_not_final_n196.csv	RPS6KA3
HGNC:10432	RPS6KA3	clingen_dosage_gene_2026_08_10	clingen_dosage	1	ClinGen_Dosage_GENE-only_10Aug26.csv	RPS6KA3
HGNC:20064	USP44	griffin2023_supp1_candidates	griffin2023	1	Griffin_2023_Supp_Table_1_All_Candidate_Genes.csv	USP44
HGNC:25430	LRRC56	dong_recessive108	dong2025	1	Dong recessive 108	LRRC56
HGNC:25430	LRRC56	gencc_clingen_submitter_2026_08_10	gencc2022	1	GenCC_data_Aug10_2026	LRRC56
HGNC:14982	PAPOLG	griffin2023_supp1_candidates	griffin2023	1	Griffin_2023_Supp_Table_1_All_Candidate_Genes.csv	PAPOLG
HGNC:11559	TALDO1	dong_recessive108	dong2025	1	Dong recessive 108	TALDO1
HGNC:6694	LRP2	griffin2023_supp1_candidates	griffin2023	1	Griffin_2023_Supp_Table_1_All_Candidate_Genes.csv	LRP2
HGNC:6694	LRP2	dong_recessive108	dong2025	1	Dong recessive 108	LRP2
HGNC:6694	LRP2	gencc_clingen_submitter_2026_08_10	gencc2022	1	GenCC_data_Aug10_2026	LRP2
HGNC:6694	LRP2	clingen_dosage_gene_2026_08_10	clingen_dosage	1	ClinGen_Dosage_GENE-only_10Aug26.csv	LRP2
HGNC:6188	JAG1	chdgene_2026_08_10	chdgene	1	CHDGENE_table_10Aug26.csv	JAG1
HGNC:6188	JAG1	griffin2023_table1_syndromic	griffin2023	1	Griffin_2023_table1_syndromic.csv	JAG1
HGNC:6188	JAG1	griffin2023_supp1_candidates	griffin2023	1	Griffin_2023_Supp_Table_1_All_Candidate_Genes.csv	JAG1
HGNC:6188	JAG1	griffin2023_supp2_curated	griffin2023	1	Griffin_2023_Supp_Table_2_All_Curated_Genes.csv	JAG1
HGNC:6188	JAG1	sierant_dominant60	sierant2025	1	Sierant dominant 60	JAG1
HGNC:6188	JAG1	clingen_dosage_gene_2026_08_10	clingen_dosage	1	ClinGen_Dosage_GENE-only_10Aug26.csv	JAG1
HGNC:13013	KAT6A	chdgene_2026_08_10	chdgene	1	CHDGENE_table_10Aug26.csv	KAT6A
HGNC:13013	KAT6A	griffin2023_table1_syndromic	griffin2023	1	Griffin_2023_table1_syndromic.csv	KAT6A
HGNC:13013	KAT6A	griffin2023_supp1_candidates	griffin2023	1	Griffin_2023_Supp_Table_1_All_Candidate_Genes.csv	KAT6A
HGNC:13013	KAT6A	griffin2023_supp2_curated	griffin2023	1	Griffin_2023_Supp_Table_2_All_Curated_Genes.csv	KAT6A
HGNC:13013	KAT6A	griffin2023_supp3_denovo	griffin2023	1	Griffin_2023_Supp_Table_3_Curated_De_Novo Variants.csv	KAT6A
HGNC:13013	KAT6A	gencc_clingen_submitter_2026_08_10	gencc2022	1	GenCC_data_Aug10_2026	KAT6A
HGNC:13013	KAT6A	clingen_dosage_gene_2026_08_10	clingen_dosage	1	ClinGen_Dosage_GENE-only_10Aug26.csv	KAT6A
HGNC:6871	MAPK1	chdgene_2026_08_10	chdgene	1	CHDGENE_table_10Aug26.csv	MAPK1
HGNC:20074	PAN2	chdgene_2026_08_10	chdgene	1	CHDGENE_table_10Aug26.csv	PAN2
HGNC:20074	PAN2	gencc_clingen_submitter_2026_08_10	gencc2022	1	GenCC_data_Aug10_2026	PAN2
HGNC:3182	PHC1	griffin2023_supp1_candidates	griffin2023	1	Griffin_2023_Supp_Table_1_All_Candidate_Genes.csv	PHC1
HGNC:3182	PHC1	clingen_dosage_gene_2026_08_10	clingen_dosage	1	ClinGen_Dosage_GENE-only_10Aug26.csv	PHC1
HGNC:16867	RNF40	griffin2023_supp1_candidates	griffin2023	1	Griffin_2023_Supp_Table_1_All_Candidate_Genes.csv	RNF40
HGNC:16867	RNF40	griffin2023_supp2_curated	griffin2023	1	Griffin_2023_Supp_Table_2_All_Curated_Genes.csv	RNF40
HGNC:16867	RNF40	griffin2023_curated_not_final	griffin2023	1	Griffin_2023_fully_curated_not_final_n196.csv	RNF40
HGNC:11119	SMO	chdgene_2026_08_10	chdgene	1	CHDGENE_table_10Aug26.csv	SMO
HGNC:11119	SMO	gencc_clingen_submitter_2026_08_10	gencc2022	1	GenCC_data_Aug10_2026	SMO
HGNC:8967	PIGN	dong_recessive108	dong2025	1	Dong recessive 108	PIGN
HGNC:8967	PIGN	dong_observed_recessive23	dong2025	1	Dong observed recessive 23	PIGN
HGNC:8967	PIGN	gencc_clingen_submitter_2026_08_10	gencc2022	1	GenCC_data_Aug10_2026	PIGN
HGNC:8967	PIGN	clingen_dosage_gene_2026_08_10	clingen_dosage	1	ClinGen_Dosage_GENE-only_10Aug26.csv	PIGN
HGNC:11123	SMS	griffin2023_supp1_candidates	griffin2023	1	Griffin_2023_Supp_Table_1_All_Candidate_Genes.csv	SMS
HGNC:11123	SMS	gencc_clingen_submitter_2026_08_10	gencc2022	1	GenCC_data_Aug10_2026	SMS
HGNC:11123	SMS	clingen_dosage_gene_2026_08_10	clingen_dosage	1	ClinGen_Dosage_GENE-only_10Aug26.csv	SMS
HGNC:17264	POLR1A	chdgene_2026_08_10	chdgene	1	CHDGENE_table_10Aug26.csv	POLR1A
HGNC:7095	MID1	griffin2023_supp1_candidates	griffin2023	1	Griffin_2023_Supp_Table_1_All_Candidate_Genes.csv	MID1
HGNC:7095	MID1	griffin2023_supp2_curated	griffin2023	1	Griffin_2023_Supp_Table_2_All_Curated_Genes.csv	MID1
HGNC:7095	MID1	griffin2023_curated_not_final	griffin2023	1	Griffin_2023_fully_curated_not_final_n196.csv	MID1
HGNC:7095	MID1	gencc_clingen_submitter_2026_08_10	gencc2022	1	GenCC_data_Aug10_2026	MID1
HGNC:7095	MID1	clingen_dosage_gene_2026_08_10	clingen_dosage	1	ClinGen_Dosage_GENE-only_10Aug26.csv	MID1
HGNC:11204	SOX9	griffin2023_supp1_candidates	griffin2023	1	Griffin_2023_Supp_Table_1_All_Candidate_Genes.csv	SOX9
HGNC:11204	SOX9	griffin2023_supp2_curated	griffin2023	1	Griffin_2023_Supp_Table_2_All_Curated_Genes.csv	SOX9
HGNC:11204	SOX9	griffin2023_curated_not_final	griffin2023	1	Griffin_2023_fully_curated_not_final_n196.csv	SOX9
HGNC:11204	SOX9	gencc_clingen_submitter_2026_08_10	gencc2022	1	GenCC_data_Aug10_2026	SOX9
HGNC:11204	SOX9	clingen_dosage_gene_2026_08_10	clingen_dosage	1	ClinGen_Dosage_GENE-only_10Aug26.csv	SOX9
HGNC:11834	TKT	dong_recessive108	dong2025	1	Dong recessive 108	TKT
HGNC:7871	NONO	chdgene_2026_08_10	chdgene	1	CHDGENE_table_10Aug26.csv	NONO
HGNC:7871	NONO	gencc_clingen_submitter_2026_08_10	gencc2022	1	GenCC_data_Aug10_2026	NONO
HGNC:7871	NONO	clingen_dosage_gene_2026_08_10	clingen_dosage	1	ClinGen_Dosage_GENE-only_10Aug26.csv	NONO
HGNC:6767	SMAD1	griffin2023_supp1_candidates	griffin2023	1	Griffin_2023_Supp_Table_1_All_Candidate_Genes.csv	SMAD1
HGNC:6767	SMAD1	griffin2023_supp2_curated	griffin2023	1	Griffin_2023_Supp_Table_2_All_Curated_Genes.csv	SMAD1
HGNC:6767	SMAD1	griffin2023_curated_not_final	griffin2023	1	Griffin_2023_fully_curated_not_final_n196.csv	SMAD1
HGNC:6767	SMAD1	gencc_clingen_submitter_2026_08_10	gencc2022	1	GenCC_data_Aug10_2026	SMAD1
HGNC:12663	VCAM1	griffin2023_supp1_candidates	griffin2023	1	Griffin_2023_Supp_Table_1_All_Candidate_Genes.csv	VCAM1
HGNC:5173	HRAS	chdgene_2026_08_10	chdgene	1	CHDGENE_table_10Aug26.csv	HRAS
HGNC:5173	HRAS	griffin2023_table1_syndromic	griffin2023	1	Griffin_2023_table1_syndromic.csv	HRAS
HGNC:5173	HRAS	griffin2023_supp1_candidates	griffin2023	1	Griffin_2023_Supp_Table_1_All_Candidate_Genes.csv	HRAS
HGNC:5173	HRAS	griffin2023_supp2_curated	griffin2023	1	Griffin_2023_Supp_Table_2_All_Curated_Genes.csv	HRAS
HGNC:5173	HRAS	gencc_clingen_submitter_2026_08_10	gencc2022	1	GenCC_data_Aug10_2026	HRAS
HGNC:5173	HRAS	clingen_dosage_gene_2026_08_10	clingen_dosage	1	ClinGen_Dosage_GENE-only_10Aug26.csv	HRAS
HGNC:12637	KDM6A	chdgene_2026_08_10	chdgene	1	CHDGENE_table_10Aug26.csv	KDM6A
HGNC:12637	KDM6A	griffin2023_table1_syndromic	griffin2023	1	Griffin_2023_table1_syndromic.csv	KDM6A
HGNC:12637	KDM6A	griffin2023_supp1_candidates	griffin2023	1	Griffin_2023_Supp_Table_1_All_Candidate_Genes.csv	KDM6A
HGNC:12637	KDM6A	griffin2023_supp2_curated	griffin2023	1	Griffin_2023_Supp_Table_2_All_Curated_Genes.csv	KDM6A
HGNC:12637	KDM6A	clingen_dosage_gene_2026_08_10	clingen_dosage	1	ClinGen_Dosage_GENE-only_10Aug26.csv	KDM6A
HGNC:26031	PIGV	chdgene_2026_08_10	chdgene	1	CHDGENE_table_10Aug26.csv	PIGV
HGNC:26031	PIGV	gencc_clingen_submitter_2026_08_10	gencc2022	1	GenCC_data_Aug10_2026	PIGV
HGNC:3059	HBEGF	griffin2023_supp1_candidates	griffin2023	1	Griffin_2023_Supp_Table_1_All_Candidate_Genes.csv	HBEGF
HGNC:7618	PPP1R12A	sierant_dominant60	sierant2025	1	Sierant dominant 60	PPP1R12A
HGNC:7108	MKKS	griffin2023_table1_syndromic	griffin2023	1	Griffin_2023_table1_syndromic.csv	BBS6;MKKS
HGNC:7108	MKKS	griffin2023_supp1_candidates	griffin2023	1	Griffin_2023_Supp_Table_1_All_Candidate_Genes.csv	BBS6;MKKS
HGNC:7108	MKKS	griffin2023_supp2_curated	griffin2023	1	Griffin_2023_Supp_Table_2_All_Curated_Genes.csv	BBS6;MKKS
HGNC:7108	MKKS	dong_recessive108	dong2025	1	Dong recessive 108	BBS6;MKKS
HGNC:7108	MKKS	clingen_dosage_gene_2026_08_10	clingen_dosage	1	ClinGen_Dosage_GENE-only_10Aug26.csv	BBS6;MKKS
HGNC:7776	NFATC2	griffin2023_supp1_candidates	griffin2023	1	Griffin_2023_Supp_Table_1_All_Candidate_Genes.csv	NFATC2
HGNC:7776	NFATC2	griffin2023_supp2_curated	griffin2023	1	Griffin_2023_Supp_Table_2_All_Curated_Genes.csv	NFATC2
HGNC:7776	NFATC2	griffin2023_curated_not_final	griffin2023	1	Griffin_2023_fully_curated_not_final_n196.csv	NFATC2
HGNC:7776	NFATC2	gencc_clingen_submitter_2026_08_10	gencc2022	1	GenCC_data_Aug10_2026	NFATC2
HGNC:10402	RPS19	griffin2023_table1_syndromic	griffin2023	1	Griffin_2023_table1_syndromic.csv	RPS19
HGNC:10402	RPS19	griffin2023_supp1_candidates	griffin2023	1	Griffin_2023_Supp_Table_1_All_Candidate_Genes.csv	RPS19
HGNC:10402	RPS19	griffin2023_supp2_curated	griffin2023	1	Griffin_2023_Supp_Table_2_All_Curated_Genes.csv	RPS19
HGNC:10402	RPS19	gencc_clingen_submitter_2026_08_10	gencc2022	1	GenCC_data_Aug10_2026	RPS19
HGNC:10402	RPS19	clingen_dosage_gene_2026_08_10	clingen_dosage	1	ClinGen_Dosage_GENE-only_10Aug26.csv	RPS19
HGNC:13610	KDM2B	chdgene_2026_08_10	chdgene	1	CHDGENE_table_10Aug26.csv	KDM2B
HGNC:4881	HEY2	griffin2023_supp1_candidates	griffin2023	1	Griffin_2023_Supp_Table_1_All_Candidate_Genes.csv	HEY2
HGNC:4881	HEY2	griffin2023_supp2_curated	griffin2023	1	Griffin_2023_Supp_Table_2_All_Curated_Genes.csv	HEY2
HGNC:4881	HEY2	griffin2023_curated_not_final	griffin2023	1	Griffin_2023_fully_curated_not_final_n196.csv	HEY2
HGNC:8023	NTF3	griffin2023_supp1_candidates	griffin2023	1	Griffin_2023_Supp_Table_1_All_Candidate_Genes.csv	NTF3
HGNC:32940	NKX2-6	chdgene_2026_08_10	chdgene	1	CHDGENE_table_10Aug26.csv	NKX2-6
HGNC:32940	NKX2-6	griffin2023_supp1_candidates	griffin2023	1	Griffin_2023_Supp_Table_1_All_Candidate_Genes.csv	NKX2-6
HGNC:32940	NKX2-6	griffin2023_supp2_curated	griffin2023	1	Griffin_2023_Supp_Table_2_All_Curated_Genes.csv	NKX2-6
HGNC:32940	NKX2-6	griffin2023_curated_not_final	griffin2023	1	Griffin_2023_fully_curated_not_final_n196.csv	NKX2-6
HGNC:32940	NKX2-6	dong_recessive108	dong2025	1	Dong recessive 108	NKX2-6
HGNC:32940	NKX2-6	gencc_clingen_submitter_2026_08_10	gencc2022	1	GenCC_data_Aug10_2026	NKX2-6
HGNC:9834	RAI1	griffin2023_table1_syndromic	griffin2023	1	Griffin_2023_table1_syndromic.csv	RAI1
HGNC:9834	RAI1	griffin2023_supp1_candidates	griffin2023	1	Griffin_2023_Supp_Table_1_All_Candidate_Genes.csv	RAI1
HGNC:9834	RAI1	griffin2023_supp2_curated	griffin2023	1	Griffin_2023_Supp_Table_2_All_Curated_Genes.csv	RAI1
HGNC:9834	RAI1	griffin2023_supp4_lof	griffin2023	1	Griffin_2023_Supp_Table_4_Curated_LoF_Variants.csv	RAI1
HGNC:9834	RAI1	gencc_clingen_submitter_2026_08_10	gencc2022	1	GenCC_data_Aug10_2026	RAI1
HGNC:9834	RAI1	clingen_dosage_gene_2026_08_10	clingen_dosage	1	ClinGen_Dosage_GENE-only_10Aug26.csv	RAI1
HGNC:17859	NUP188	chdgene_2026_08_10	chdgene	1	CHDGENE_table_10Aug26.csv	NUP188
HGNC:17859	NUP188	griffin2023_supp1_candidates	griffin2023	1	Griffin_2023_Supp_Table_1_All_Candidate_Genes.csv	NUP188
HGNC:17859	NUP188	griffin2023_supp2_curated	griffin2023	1	Griffin_2023_Supp_Table_2_All_Curated_Genes.csv	NUP188
HGNC:17859	NUP188	griffin2023_curated_not_final	griffin2023	1	Griffin_2023_fully_curated_not_final_n196.csv	NUP188
HGNC:17859	NUP188	gencc_clingen_submitter_2026_08_10	gencc2022	1	GenCC_data_Aug10_2026	NUP188
HGNC:8747	PCSK5	griffin2023_supp1_candidates	griffin2023	1	Griffin_2023_Supp_Table_1_All_Candidate_Genes.csv	PCSK5
HGNC:8747	PCSK5	griffin2023_supp2_curated	griffin2023	1	Griffin_2023_Supp_Table_2_All_Curated_Genes.csv	PCSK5
HGNC:8747	PCSK5	griffin2023_curated_not_final	griffin2023	1	Griffin_2023_fully_curated_not_final_n196.csv	PCSK5
HGNC:8747	PCSK5	gencc_clingen_submitter_2026_08_10	gencc2022	1	GenCC_data_Aug10_2026	PCSK5
HGNC:9954	REL	griffin2023_supp1_candidates	griffin2023	1	Griffin_2023_Supp_Table_1_All_Candidate_Genes.csv	REL
HGNC:9954	REL	gencc_clingen_submitter_2026_08_10	gencc2022	1	GenCC_data_Aug10_2026	REL
HGNC:11743	TFAP2B	chdgene_2026_08_10	chdgene	1	CHDGENE_table_10Aug26.csv	TFAP2B
HGNC:11743	TFAP2B	griffin2023_table1_syndromic	griffin2023	1	Griffin_2023_table1_syndromic.csv	TFAP2B
HGNC:11743	TFAP2B	griffin2023_supp1_candidates	griffin2023	1	Griffin_2023_Supp_Table_1_All_Candidate_Genes.csv	TFAP2B
HGNC:11743	TFAP2B	griffin2023_supp2_curated	griffin2023	1	Griffin_2023_Supp_Table_2_All_Curated_Genes.csv	TFAP2B
HGNC:11743	TFAP2B	clingen_dosage_gene_2026_08_10	clingen_dosage	1	ClinGen_Dosage_GENE-only_10Aug26.csv	TFAP2B
HGNC:5956	IHH	griffin2023_supp1_candidates	griffin2023	1	Griffin_2023_Supp_Table_1_All_Candidate_Genes.csv	IHH
HGNC:10383	RPS10	griffin2023_supp1_candidates	griffin2023	1	Griffin_2023_Supp_Table_1_All_Candidate_Genes.csv	RPS10
HGNC:10383	RPS10	griffin2023_supp2_curated	griffin2023	1	Griffin_2023_Supp_Table_2_All_Curated_Genes.csv	RPS10
HGNC:10383	RPS10	griffin2023_curated_not_final	griffin2023	1	Griffin_2023_fully_curated_not_final_n196.csv	RPS10
HGNC:10383	RPS10	gencc_clingen_submitter_2026_08_10	gencc2022	1	GenCC_data_Aug10_2026	RPS10
HGNC:10383	RPS10	clingen_dosage_gene_2026_08_10	clingen_dosage	1	ClinGen_Dosage_GENE-only_10Aug26.csv	RPS10
HGNC:10771	SF3B4	chdgene_2026_08_10	chdgene	1	CHDGENE_table_10Aug26.csv	SF3B4
HGNC:10771	SF3B4	griffin2023_supp1_candidates	griffin2023	1	Griffin_2023_Supp_Table_1_All_Candidate_Genes.csv	SF3B4
HGNC:10771	SF3B4	griffin2023_supp2_curated	griffin2023	1	Griffin_2023_Supp_Table_2_All_Curated_Genes.csv	SF3B4
HGNC:10771	SF3B4	griffin2023_curated_not_final	griffin2023	1	Griffin_2023_fully_curated_not_final_n196.csv	SF3B4
HGNC:10771	SF3B4	gencc_clingen_submitter_2026_08_10	gencc2022	1	GenCC_data_Aug10_2026	SF3B4
HGNC:10771	SF3B4	clingen_dosage_gene_2026_08_10	clingen_dosage	1	ClinGen_Dosage_GENE-only_10Aug26.csv	SF3B4
HGNC:9459	PROX1	griffin2023_supp1_candidates	griffin2023	1	Griffin_2023_Supp_Table_1_All_Candidate_Genes.csv	PROX1
HGNC:9459	PROX1	griffin2023_supp2_curated	griffin2023	1	Griffin_2023_Supp_Table_2_All_Curated_Genes.csv	PROX1
HGNC:9459	PROX1	griffin2023_curated_not_final	griffin2023	1	Griffin_2023_fully_curated_not_final_n196.csv	PROX1
HGNC:9459	PROX1	gencc_clingen_submitter_2026_08_10	gencc2022	1	GenCC_data_Aug10_2026	PROX1
HGNC:6407	KRAS	chdgene_2026_08_10	chdgene	1	CHDGENE_table_10Aug26.csv	KRAS
HGNC:6407	KRAS	griffin2023_table1_syndromic	griffin2023	1	Griffin_2023_table1_syndromic.csv	KRAS
HGNC:6407	KRAS	griffin2023_supp1_candidates	griffin2023	1	Griffin_2023_Supp_Table_1_All_Candidate_Genes.csv	KRAS
HGNC:6407	KRAS	griffin2023_supp2_curated	griffin2023	1	Griffin_2023_Supp_Table_2_All_Curated_Genes.csv	KRAS
HGNC:6407	KRAS	gencc_clingen_submitter_2026_08_10	gencc2022	1	GenCC_data_Aug10_2026	KRAS
HGNC:6407	KRAS	clingen_dosage_gene_2026_08_10	clingen_dosage	1	ClinGen_Dosage_GENE-only_10Aug26.csv	KRAS
HGNC:8617	PAX3	griffin2023_supp1_candidates	griffin2023	1	Griffin_2023_Supp_Table_1_All_Candidate_Genes.csv	PAX3
HGNC:8617	PAX3	griffin2023_supp2_curated	griffin2023	1	Griffin_2023_Supp_Table_2_All_Curated_Genes.csv	PAX3
HGNC:8617	PAX3	griffin2023_curated_not_final	griffin2023	1	Griffin_2023_fully_curated_not_final_n196.csv	PAX3
HGNC:8617	PAX3	gencc_clingen_submitter_2026_08_10	gencc2022	1	GenCC_data_Aug10_2026	PAX3
HGNC:8617	PAX3	clingen_dosage_gene_2026_08_10	clingen_dosage	1	ClinGen_Dosage_GENE-only_10Aug26.csv	PAX3
HGNC:11174	SNX3	griffin2023_supp1_candidates	griffin2023	1	Griffin_2023_Supp_Table_1_All_Candidate_Genes.csv	SNX3
HGNC:5361	ID2	griffin2023_supp1_candidates	griffin2023	1	Griffin_2023_Supp_Table_1_All_Candidate_Genes.csv	ID2
HGNC:5361	ID2	griffin2023_supp2_curated	griffin2023	1	Griffin_2023_Supp_Table_2_All_Curated_Genes.csv	ID2
HGNC:5361	ID2	griffin2023_curated_not_final	griffin2023	1	Griffin_2023_fully_curated_not_final_n196.csv	ID2
HGNC:16791	TSEN15	griffin2023_supp1_candidates	griffin2023	1	Griffin_2023_Supp_Table_1_All_Candidate_Genes.csv	TSEN15
HGNC:30892	HUWE1	griffin2023_supp1_candidates	griffin2023	1	Griffin_2023_Supp_Table_1_All_Candidate_Genes.csv	HUWE1
HGNC:30892	HUWE1	griffin2023_supp2_curated	griffin2023	1	Griffin_2023_Supp_Table_2_All_Curated_Genes.csv	HUWE1
HGNC:30892	HUWE1	griffin2023_curated_not_final	griffin2023	1	Griffin_2023_fully_curated_not_final_n196.csv	HUWE1
HGNC:30892	HUWE1	clingen_dosage_gene_2026_08_10	clingen_dosage	1	ClinGen_Dosage_GENE-only_10Aug26.csv	HUWE1
HGNC:30782	NAA15	chdgene_2026_08_10	chdgene	1	CHDGENE_table_10Aug26.csv	NAA15
HGNC:30782	NAA15	sierant_dominant60	sierant2025	1	Sierant dominant 60	NAA15
HGNC:30782	NAA15	clingen_dosage_gene_2026_08_10	clingen_dosage	1	ClinGen_Dosage_GENE-only_10Aug26.csv	NAA15
HGNC:30367	S100Z	griffin2023_supp1_candidates	griffin2023	1	Griffin_2023_Supp_Table_1_All_Candidate_Genes.csv	S100Z
HGNC:13469	TNFRSF21	griffin2023_supp1_candidates	griffin2023	1	Griffin_2023_Supp_Table_1_All_Candidate_Genes.csv	TNFRSF21
HGNC:12757	WDR5	griffin2023_supp1_candidates	griffin2023	1	Griffin_2023_Supp_Table_1_All_Candidate_Genes.csv	WDR5
HGNC:12757	WDR5	griffin2023_supp2_curated	griffin2023	1	Griffin_2023_Supp_Table_2_All_Curated_Genes.csv	WDR5
HGNC:12757	WDR5	griffin2023_curated_not_final	griffin2023	1	Griffin_2023_fully_curated_not_final_n196.csv	WDR5
HGNC:12757	WDR5	gencc_clingen_submitter_2026_08_10	gencc2022	1	GenCC_data_Aug10_2026	WDR5
HGNC:28984	WASHC5	chdgene_2026_08_10	chdgene	1	CHDGENE_table_10Aug26.csv	WASHC5
HGNC:28984	WASHC5	dong_recessive108	dong2025	1	Dong recessive 108	WASHC5
HGNC:20344	UBR7	chdgene_2026_08_10	chdgene	1	CHDGENE_table_10Aug26.csv	UBR7
HGNC:9005	PITX2	chdgene_2026_08_10	chdgene	1	CHDGENE_table_10Aug26.csv	PITX2
HGNC:9005	PITX2	griffin2023_supp1_candidates	griffin2023	1	Griffin_2023_Supp_Table_1_All_Candidate_Genes.csv	PITX2
HGNC:9005	PITX2	griffin2023_supp2_curated	griffin2023	1	Griffin_2023_Supp_Table_2_All_Curated_Genes.csv	PITX2
HGNC:9005	PITX2	griffin2023_curated_not_final	griffin2023	1	Griffin_2023_fully_curated_not_final_n196.csv	PITX2
HGNC:9005	PITX2	gencc_clingen_submitter_2026_08_10	gencc2022	1	GenCC_data_Aug10_2026	PITX2
HGNC:9005	PITX2	clingen_dosage_gene_2026_08_10	clingen_dosage	1	ClinGen_Dosage_GENE-only_10Aug26.csv	PITX2
HGNC:25459	PAF1	griffin2023_supp1_candidates	griffin2023	1	Griffin_2023_Supp_Table_1_All_Candidate_Genes.csv	PAF1
HGNC:7010	MEN1	griffin2023_supp1_candidates	griffin2023	1	Griffin_2023_Supp_Table_1_All_Candidate_Genes.csv	MEN1
HGNC:7010	MEN1	clingen_dosage_gene_2026_08_10	clingen_dosage	1	ClinGen_Dosage_GENE-only_10Aug26.csv	MEN1
HGNC:6294	KCNQ1	griffin2023_supp1_candidates	griffin2023	1	Griffin_2023_Supp_Table_1_All_Candidate_Genes.csv	KCNQ1
HGNC:6294	KCNQ1	gencc_clingen_submitter_2026_08_10	gencc2022	1	GenCC_data_Aug10_2026	KCNQ1
HGNC:6294	KCNQ1	clingen_dosage_gene_2026_08_10	clingen_dosage	1	ClinGen_Dosage_GENE-only_10Aug26.csv	KCNQ1
HGNC:24283	KMT5B	griffin2023_supp1_candidates	griffin2023	1	Griffin_2023_Supp_Table_1_All_Candidate_Genes.csv	KMT5B;SUV420H1
HGNC:24283	KMT5B	clingen_dosage_gene_2026_08_10	clingen_dosage	1	ClinGen_Dosage_GENE-only_10Aug26.csv	KMT5B;SUV420H1
HGNC:2464	VCAN	griffin2023_supp1_candidates	griffin2023	1	Griffin_2023_Supp_Table_1_All_Candidate_Genes.csv	VCAN
HGNC:10345	RPL35A	griffin2023_supp1_candidates	griffin2023	1	Griffin_2023_Supp_Table_1_All_Candidate_Genes.csv	RPL35A
HGNC:10345	RPL35A	griffin2023_supp2_curated	griffin2023	1	Griffin_2023_Supp_Table_2_All_Curated_Genes.csv	RPL35A
HGNC:10345	RPL35A	griffin2023_curated_not_final	griffin2023	1	Griffin_2023_fully_curated_not_final_n196.csv	RPL35A
HGNC:17045	NKD1	griffin2023_supp1_candidates	griffin2023	1	Griffin_2023_Supp_Table_1_All_Candidate_Genes.csv	NKD1
HGNC:11100	SMARCA4	chdgene_2026_08_10	chdgene	1	CHDGENE_table_10Aug26.csv	SMARCA4
HGNC:11100	SMARCA4	griffin2023_table1_syndromic	griffin2023	1	Griffin_2023_table1_syndromic.csv	SMARCA4
HGNC:11100	SMARCA4	griffin2023_supp1_candidates	griffin2023	1	Griffin_2023_Supp_Table_1_All_Candidate_Genes.csv	SMARCA4
HGNC:11100	SMARCA4	griffin2023_supp2_curated	griffin2023	1	Griffin_2023_Supp_Table_2_All_Curated_Genes.csv	SMARCA4
HGNC:11100	SMARCA4	griffin2023_supp4_lof	griffin2023	1	Griffin_2023_Supp_Table_4_Curated_LoF_Variants.csv	SMARCA4
HGNC:11100	SMARCA4	gencc_clingen_submitter_2026_08_10	gencc2022	1	GenCC_data_Aug10_2026	SMARCA4
HGNC:11100	SMARCA4	clingen_dosage_gene_2026_08_10	clingen_dosage	1	ClinGen_Dosage_GENE-only_10Aug26.csv	SMARCA4
HGNC:9107	PLXND1	chdgene_2026_08_10	chdgene	1	CHDGENE_table_10Aug26.csv	PLXND1
HGNC:9009	PKD2	griffin2023_supp1_candidates	griffin2023	1	Griffin_2023_Supp_Table_1_All_Candidate_Genes.csv	PKD2
HGNC:9009	PKD2	griffin2023_supp2_curated	griffin2023	1	Griffin_2023_Supp_Table_2_All_Curated_Genes.csv	PKD2
HGNC:9009	PKD2	griffin2023_curated_not_final	griffin2023	1	Griffin_2023_fully_curated_not_final_n196.csv	PKD2
HGNC:9009	PKD2	gencc_clingen_submitter_2026_08_10	gencc2022	1	GenCC_data_Aug10_2026	PKD2
HGNC:9009	PKD2	clingen_dosage_gene_2026_08_10	clingen_dosage	1	ClinGen_Dosage_GENE-only_10Aug26.csv	PKD2
HGNC:28887	LEMD3	griffin2023_supp1_candidates	griffin2023	1	Griffin_2023_Supp_Table_1_All_Candidate_Genes.csv	LEMD3
HGNC:28887	LEMD3	clingen_dosage_gene_2026_08_10	clingen_dosage	1	ClinGen_Dosage_GENE-only_10Aug26.csv	LEMD3
HGNC:18196	SOX7	griffin2023_supp1_candidates	griffin2023	1	Griffin_2023_Supp_Table_1_All_Candidate_Genes.csv	SOX7
HGNC:18196	SOX7	griffin2023_supp2_curated	griffin2023	1	Griffin_2023_Supp_Table_2_All_Curated_Genes.csv	SOX7
HGNC:18196	SOX7	griffin2023_curated_not_final	griffin2023	1	Griffin_2023_fully_curated_not_final_n196.csv	SOX7
HGNC:18196	SOX7	gencc_clingen_submitter_2026_08_10	gencc2022	1	GenCC_data_Aug10_2026	SOX7
HGNC:29832	NADSYN1	chdgene_2026_08_10	chdgene	1	CHDGENE_table_10Aug26.csv	NADSYN1
HGNC:29832	NADSYN1	dong_recessive108	dong2025	1	Dong recessive 108	NADSYN1
HGNC:29832	NADSYN1	dong_observed_recessive23	dong2025	1	Dong observed recessive 23	NADSYN1
HGNC:2567	OFD1	griffin2023_table1_syndromic	griffin2023	1	Griffin_2023_table1_syndromic.csv	OFD1
HGNC:2567	OFD1	griffin2023_supp1_candidates	griffin2023	1	Griffin_2023_Supp_Table_1_All_Candidate_Genes.csv	OFD1
HGNC:2567	OFD1	griffin2023_supp2_curated	griffin2023	1	Griffin_2023_Supp_Table_2_All_Curated_Genes.csv	OFD1
HGNC:2567	OFD1	gencc_clingen_submitter_2026_08_10	gencc2022	1	GenCC_data_Aug10_2026	OFD1
HGNC:2567	OFD1	clingen_dosage_gene_2026_08_10	clingen_dosage	1	ClinGen_Dosage_GENE-only_10Aug26.csv	OFD1
HGNC:28369	THOC6	chdgene_2026_08_10	chdgene	1	CHDGENE_table_10Aug26.csv	THOC6
HGNC:28369	THOC6	dong_recessive108	dong2025	1	Dong recessive 108	THOC6
HGNC:28369	THOC6	gencc_clingen_submitter_2026_08_10	gencc2022	1	GenCC_data_Aug10_2026	THOC6
HGNC:7865	NODAL	chdgene_2026_08_10	chdgene	1	CHDGENE_table_10Aug26.csv	NODAL
HGNC:7865	NODAL	griffin2023_table1_syndromic	griffin2023	1	Griffin_2023_table1_syndromic.csv	NODAL
HGNC:7865	NODAL	griffin2023_supp1_candidates	griffin2023	1	Griffin_2023_Supp_Table_1_All_Candidate_Genes.csv	NODAL
HGNC:7865	NODAL	griffin2023_supp2_curated	griffin2023	1	Griffin_2023_Supp_Table_2_All_Curated_Genes.csv	NODAL
HGNC:7865	NODAL	griffin2023_supp4_lof	griffin2023	1	Griffin_2023_Supp_Table_4_Curated_LoF_Variants.csv	NODAL
HGNC:7865	NODAL	sierant_dominant60	sierant2025	1	Sierant dominant 60	NODAL
HGNC:7865	NODAL	gencc_clingen_submitter_2026_08_10	gencc2022	1	GenCC_data_Aug10_2026	NODAL
HGNC:7865	NODAL	clingen_dosage_gene_2026_08_10	clingen_dosage	1	ClinGen_Dosage_GENE-only_10Aug26.csv	NODAL
HGNC:18053	PKD1L1	chdgene_2026_08_10	chdgene	1	CHDGENE_table_10Aug26.csv	PKD1L1
HGNC:18053	PKD1L1	griffin2023_supp1_candidates	griffin2023	1	Griffin_2023_Supp_Table_1_All_Candidate_Genes.csv	PKD1L1
HGNC:18053	PKD1L1	dong_recessive108	dong2025	1	Dong recessive 108	PKD1L1
HGNC:18053	PKD1L1	dong_observed_recessive23	dong2025	1	Dong observed recessive 23	PKD1L1
HGNC:14068	HDAC5	griffin2023_supp1_candidates	griffin2023	1	Griffin_2023_Supp_Table_1_All_Candidate_Genes.csv	HDAC5
HGNC:29187	SETD1B	griffin2023_supp1_candidates	griffin2023	1	Griffin_2023_Supp_Table_1_All_Candidate_Genes.csv	SETD1B
HGNC:29187	SETD1B	clingen_dosage_gene_2026_08_10	clingen_dosage	1	ClinGen_Dosage_GENE-only_10Aug26.csv	SETD1B
HGNC:28862	NIPBL	chdgene_2026_08_10	chdgene	1	CHDGENE_table_10Aug26.csv	NIPBL
HGNC:28862	NIPBL	griffin2023_table1_syndromic	griffin2023	1	Griffin_2023_table1_syndromic.csv	NIPBL
HGNC:28862	NIPBL	griffin2023_supp1_candidates	griffin2023	1	Griffin_2023_Supp_Table_1_All_Candidate_Genes.csv	NIPBL
HGNC:28862	NIPBL	griffin2023_supp2_curated	griffin2023	1	Griffin_2023_Supp_Table_2_All_Curated_Genes.csv	NIPBL
HGNC:28862	NIPBL	gencc_clingen_submitter_2026_08_10	gencc2022	1	GenCC_data_Aug10_2026	NIPBL
HGNC:28862	NIPBL	clingen_dosage_gene_2026_08_10	clingen_dosage	1	ClinGen_Dosage_GENE-only_10Aug26.csv	NIPBL
HGNC:11212	SPAG1	griffin2023_supp1_candidates	griffin2023	1	Griffin_2023_Supp_Table_1_All_Candidate_Genes.csv	SPAG1
HGNC:11212	SPAG1	dong_recessive108	dong2025	1	Dong recessive 108	SPAG1
HGNC:11212	SPAG1	gencc_clingen_submitter_2026_08_10	gencc2022	1	GenCC_data_Aug10_2026	SPAG1
HGNC:23396	PHYHD1	griffin2023_supp1_candidates	griffin2023	1	Griffin_2023_Supp_Table_1_All_Candidate_Genes.csv	PHYHD1
HGNC:7745	NEK2	griffin2023_supp1_candidates	griffin2023	1	Griffin_2023_Supp_Table_1_All_Candidate_Genes.csv	NEK2
HGNC:7745	NEK2	griffin2023_supp2_curated	griffin2023	1	Griffin_2023_Supp_Table_2_All_Curated_Genes.csv	NEK2
HGNC:7745	NEK2	griffin2023_curated_not_final	griffin2023	1	Griffin_2023_fully_curated_not_final_n196.csv	NEK2
HGNC:10411	RPS24	griffin2023_supp1_candidates	griffin2023	1	Griffin_2023_Supp_Table_1_All_Candidate_Genes.csv	RPS24
HGNC:10411	RPS24	griffin2023_supp2_curated	griffin2023	1	Griffin_2023_Supp_Table_2_All_Curated_Genes.csv	RPS24
HGNC:10411	RPS24	griffin2023_curated_not_final	griffin2023	1	Griffin_2023_fully_curated_not_final_n196.csv	RPS24
HGNC:10411	RPS24	gencc_clingen_submitter_2026_08_10	gencc2022	1	GenCC_data_Aug10_2026	RPS24
HGNC:10411	RPS24	clingen_dosage_gene_2026_08_10	clingen_dosage	1	ClinGen_Dosage_GENE-only_10Aug26.csv	RPS24
HGNC:14065	HDAC9	griffin2023_supp1_candidates	griffin2023	1	Griffin_2023_Supp_Table_1_All_Candidate_Genes.csv	HDAC9
HGNC:14065	HDAC9	gencc_clingen_submitter_2026_08_10	gencc2022	1	GenCC_data_Aug10_2026	HDAC9
HGNC:11654	TCOF1	griffin2023_supp1_candidates	griffin2023	1	Griffin_2023_Supp_Table_1_All_Candidate_Genes.csv	TCOF1
HGNC:11654	TCOF1	griffin2023_supp2_curated	griffin2023	1	Griffin_2023_Supp_Table_2_All_Curated_Genes.csv	TCOF1
HGNC:11654	TCOF1	griffin2023_curated_not_final	griffin2023	1	Griffin_2023_fully_curated_not_final_n196.csv	TCOF1
HGNC:11654	TCOF1	gencc_clingen_submitter_2026_08_10	gencc2022	1	GenCC_data_Aug10_2026	TCOF1
HGNC:11654	TCOF1	clingen_dosage_gene_2026_08_10	clingen_dosage	1	ClinGen_Dosage_GENE-only_10Aug26.csv	TCOF1
HGNC:4061	SLC37A4	chdgene_2026_08_10	chdgene	1	CHDGENE_table_10Aug26.csv	SLC37A4
HGNC:4061	SLC37A4	clingen_dosage_gene_2026_08_10	clingen_dosage	1	ClinGen_Dosage_GENE-only_10Aug26.csv	SLC37A4
HGNC:7045	MGAT2	griffin2023_supp1_candidates	griffin2023	1	Griffin_2023_Supp_Table_1_All_Candidate_Genes.csv	MGAT2
HGNC:7045	MGAT2	gencc_clingen_submitter_2026_08_10	gencc2022	1	GenCC_data_Aug10_2026	MGAT2
HGNC:15454	SHOC2	chdgene_2026_08_10	chdgene	1	CHDGENE_table_10Aug26.csv	SHOC2
HGNC:15454	SHOC2	griffin2023_table1_syndromic	griffin2023	1	Griffin_2023_table1_syndromic.csv	SHOC2
HGNC:15454	SHOC2	griffin2023_supp1_candidates	griffin2023	1	Griffin_2023_Supp_Table_1_All_Candidate_Genes.csv	SHOC2
HGNC:15454	SHOC2	griffin2023_supp2_curated	griffin2023	1	Griffin_2023_Supp_Table_2_All_Curated_Genes.csv	SHOC2
HGNC:15454	SHOC2	gencc_clingen_submitter_2026_08_10	gencc2022	1	GenCC_data_Aug10_2026	SHOC2
HGNC:15454	SHOC2	clingen_dosage_gene_2026_08_10	clingen_dosage	1	ClinGen_Dosage_GENE-only_10Aug26.csv	SHOC2
HGNC:6769	SMAD3	chdgene_2026_08_10	chdgene	1	CHDGENE_table_10Aug26.csv	SMAD3
HGNC:6769	SMAD3	griffin2023_table1_syndromic	griffin2023	1	Griffin_2023_table1_syndromic.csv	SMAD3
HGNC:6769	SMAD3	griffin2023_supp1_candidates	griffin2023	1	Griffin_2023_Supp_Table_1_All_Candidate_Genes.csv	SMAD3
HGNC:6769	SMAD3	griffin2023_supp2_curated	griffin2023	1	Griffin_2023_Supp_Table_2_All_Curated_Genes.csv	SMAD3
HGNC:6769	SMAD3	clingen_dosage_gene_2026_08_10	clingen_dosage	1	ClinGen_Dosage_GENE-only_10Aug26.csv	SMAD3
HGNC:25660	TTC21B	griffin2023_supp1_candidates	griffin2023	1	Griffin_2023_Supp_Table_1_All_Candidate_Genes.csv	TTC21B
HGNC:25660	TTC21B	clingen_dosage_gene_2026_08_10	clingen_dosage	1	ClinGen_Dosage_GENE-only_10Aug26.csv	TTC21B
HGNC:6771	SMAD5	griffin2023_supp1_candidates	griffin2023	1	Griffin_2023_Supp_Table_1_All_Candidate_Genes.csv	SMAD5
HGNC:11408	STK4	chdgene_2026_08_10	chdgene	1	CHDGENE_table_10Aug26.csv	STK4
HGNC:7775	NFATC1	griffin2023_table1_isolated	griffin2023	1	Griffin_2023_table1_isolated.csv	NFATC1
HGNC:7775	NFATC1	griffin2023_supp1_candidates	griffin2023	1	Griffin_2023_Supp_Table_1_All_Candidate_Genes.csv	NFATC1
HGNC:7775	NFATC1	griffin2023_supp2_curated	griffin2023	1	Griffin_2023_Supp_Table_2_All_Curated_Genes.csv	NFATC1
HGNC:9314	PPP3CA	griffin2023_supp1_candidates	griffin2023	1	Griffin_2023_Supp_Table_1_All_Candidate_Genes.csv	PPP3CA
HGNC:9314	PPP3CA	gencc_clingen_submitter_2026_08_10	gencc2022	1	GenCC_data_Aug10_2026	PPP3CA
HGNC:20066	USP34	griffin2023_supp1_candidates	griffin2023	1	Griffin_2023_Supp_Table_1_All_Candidate_Genes.csv	USP34
HGNC:20066	USP34	griffin2023_supp2_curated	griffin2023	1	Griffin_2023_Supp_Table_2_All_Curated_Genes.csv	USP34
HGNC:20066	USP34	griffin2023_curated_not_final	griffin2023	1	Griffin_2023_fully_curated_not_final_n196.csv	USP34
HGNC:7884	NOTCH4	griffin2023_supp1_candidates	griffin2023	1	Griffin_2023_Supp_Table_1_All_Candidate_Genes.csv	NOTCH4
HGNC:6184	ITSN2	sierant_dominant60	sierant2025	1	Sierant dominant 60	ITSN2
HGNC:11111	SMC1A	chdgene_2026_08_10	chdgene	1	CHDGENE_table_10Aug26.csv	SMC1A
HGNC:11111	SMC1A	griffin2023_supp1_candidates	griffin2023	1	Griffin_2023_Supp_Table_1_All_Candidate_Genes.csv	SMC1A
HGNC:11111	SMC1A	griffin2023_supp2_curated	griffin2023	1	Griffin_2023_Supp_Table_2_All_Curated_Genes.csv	SMC1A
HGNC:11111	SMC1A	griffin2023_curated_not_final	griffin2023	1	Griffin_2023_fully_curated_not_final_n196.csv	SMC1A
HGNC:11111	SMC1A	clingen_dosage_gene_2026_08_10	clingen_dosage	1	ClinGen_Dosage_GENE-only_10Aug26.csv	SMC1A
HGNC:20324	TGDS	dong_recessive108	dong2025	1	Dong recessive 108	TGDS
HGNC:20324	TGDS	gencc_clingen_submitter_2026_08_10	gencc2022	1	GenCC_data_Aug10_2026	TGDS
HGNC:4852	HDAC1	griffin2023_supp1_candidates	griffin2023	1	Griffin_2023_Supp_Table_1_All_Candidate_Genes.csv	HDAC1
HGNC:4852	HDAC1	griffin2023_supp2_curated	griffin2023	1	Griffin_2023_Supp_Table_2_All_Curated_Genes.csv	HDAC1
HGNC:4852	HDAC1	griffin2023_curated_not_final	griffin2023	1	Griffin_2023_fully_curated_not_final_n196.csv	HDAC1
HGNC:4852	HDAC1	gencc_clingen_submitter_2026_08_10	gencc2022	1	GenCC_data_Aug10_2026	HDAC1
HGNC:29168	RPGRIP1L	griffin2023_supp1_candidates	griffin2023	1	Griffin_2023_Supp_Table_1_All_Candidate_Genes.csv	RPGRIP1L
HGNC:29168	RPGRIP1L	griffin2023_supp2_curated	griffin2023	1	Griffin_2023_Supp_Table_2_All_Curated_Genes.csv	RPGRIP1L
HGNC:29168	RPGRIP1L	griffin2023_curated_not_final	griffin2023	1	Griffin_2023_fully_curated_not_final_n196.csv	RPGRIP1L
HGNC:29168	RPGRIP1L	gencc_clingen_submitter_2026_08_10	gencc2022	1	GenCC_data_Aug10_2026	RPGRIP1L
HGNC:12767	NSD3	griffin2023_supp1_candidates	griffin2023	1	Griffin_2023_Supp_Table_1_All_Candidate_Genes.csv	NSD3;WHSC1L1
HGNC:13315	HDAC8	chdgene_2026_08_10	chdgene	1	CHDGENE_table_10Aug26.csv	HDAC8
HGNC:13315	HDAC8	gencc_clingen_submitter_2026_08_10	gencc2022	1	GenCC_data_Aug10_2026	HDAC8
HGNC:13315	HDAC8	clingen_dosage_gene_2026_08_10	clingen_dosage	1	ClinGen_Dosage_GENE-only_10Aug26.csv	HDAC8
HGNC:6840	MAP2K1	chdgene_2026_08_10	chdgene	1	CHDGENE_table_10Aug26.csv	MAP2K1
HGNC:6840	MAP2K1	griffin2023_table1_syndromic	griffin2023	1	Griffin_2023_table1_syndromic.csv	MAP2K1
HGNC:6840	MAP2K1	griffin2023_supp1_candidates	griffin2023	1	Griffin_2023_Supp_Table_1_All_Candidate_Genes.csv	MAP2K1
HGNC:6840	MAP2K1	griffin2023_supp2_curated	griffin2023	1	Griffin_2023_Supp_Table_2_All_Curated_Genes.csv	MAP2K1
HGNC:6840	MAP2K1	gencc_clingen_submitter_2026_08_10	gencc2022	1	GenCC_data_Aug10_2026	MAP2K1
HGNC:6840	MAP2K1	clingen_dosage_gene_2026_08_10	clingen_dosage	1	ClinGen_Dosage_GENE-only_10Aug26.csv	MAP2K1
HGNC:10257	ROR2	griffin2023_table1_syndromic	griffin2023	1	Griffin_2023_table1_syndromic.csv	ROR2
HGNC:10257	ROR2	griffin2023_supp1_candidates	griffin2023	1	Griffin_2023_Supp_Table_1_All_Candidate_Genes.csv	ROR2
HGNC:10257	ROR2	griffin2023_supp2_curated	griffin2023	1	Griffin_2023_Supp_Table_2_All_Curated_Genes.csv	ROR2
HGNC:10257	ROR2	clingen_dosage_gene_2026_08_10	clingen_dosage	1	ClinGen_Dosage_GENE-only_10Aug26.csv	ROR2
HGNC:28983	TMEM94	chdgene_2026_08_10	chdgene	1	CHDGENE_table_10Aug26.csv	TMEM94
HGNC:28983	TMEM94	dong_recessive108	dong2025	1	Dong recessive 108	TMEM94
HGNC:28983	TMEM94	gencc_clingen_submitter_2026_08_10	gencc2022	1	GenCC_data_Aug10_2026	TMEM94
HGNC:28983	TMEM94	clingen_dosage_gene_2026_08_10	clingen_dosage	1	ClinGen_Dosage_GENE-only_10Aug26.csv	TMEM94
HGNC:9906	RBFOX2	chdgene_2026_08_10	chdgene	1	CHDGENE_table_10Aug26.csv	RBFOX2
HGNC:9906	RBFOX2	griffin2023_supp1_candidates	griffin2023	1	Griffin_2023_Supp_Table_1_All_Candidate_Genes.csv	RBFOX2
HGNC:9906	RBFOX2	griffin2023_supp2_curated	griffin2023	1	Griffin_2023_Supp_Table_2_All_Curated_Genes.csv	RBFOX2
HGNC:9906	RBFOX2	griffin2023_curated_not_final	griffin2023	1	Griffin_2023_fully_curated_not_final_n196.csv	RBFOX2
HGNC:9906	RBFOX2	sierant_dominant60	sierant2025	1	Sierant dominant 60	RBFOX2
HGNC:9906	RBFOX2	gencc_clingen_submitter_2026_08_10	gencc2022	1	GenCC_data_Aug10_2026	RBFOX2
HGNC:29077	IFT140	griffin2023_supp1_candidates	griffin2023	1	Griffin_2023_Supp_Table_1_All_Candidate_Genes.csv	IFT140
HGNC:29077	IFT140	griffin2023_supp2_curated	griffin2023	1	Griffin_2023_Supp_Table_2_All_Curated_Genes.csv	IFT140
HGNC:29077	IFT140	griffin2023_curated_not_final	griffin2023	1	Griffin_2023_fully_curated_not_final_n196.csv	IFT140
HGNC:29077	IFT140	clingen_dosage_gene_2026_08_10	clingen_dosage	1	ClinGen_Dosage_GENE-only_10Aug26.csv	IFT140
HGNC:9983	RFX2	griffin2023_supp1_candidates	griffin2023	1	Griffin_2023_Supp_Table_1_All_Candidate_Genes.csv	RFX2
HGNC:7744	NEK1	griffin2023_supp1_candidates	griffin2023	1	Griffin_2023_Supp_Table_1_All_Candidate_Genes.csv	NEK1
HGNC:7744	NEK1	dong_recessive108	dong2025	1	Dong recessive 108	NEK1
HGNC:7744	NEK1	gencc_clingen_submitter_2026_08_10	gencc2022	1	GenCC_data_Aug10_2026	NEK1
HGNC:7744	NEK1	clingen_dosage_gene_2026_08_10	clingen_dosage	1	ClinGen_Dosage_GENE-only_10Aug26.csv	NEK1
HGNC:28303	ODAD3	griffin2023_supp1_candidates	griffin2023	1	Griffin_2023_Supp_Table_1_All_Candidate_Genes.csv	CCDC151
HGNC:28303	ODAD3	dong_recessive108	dong2025	1	Dong recessive 108	CCDC151
HGNC:8850	PEX1	griffin2023_supp1_candidates	griffin2023	1	Griffin_2023_Supp_Table_1_All_Candidate_Genes.csv	PEX1
HGNC:8850	PEX1	gencc_clingen_submitter_2026_08_10	gencc2022	1	GenCC_data_Aug10_2026	PEX1
HGNC:8850	PEX1	clingen_dosage_gene_2026_08_10	clingen_dosage	1	ClinGen_Dosage_GENE-only_10Aug26.csv	PEX1
HGNC:6636	LMNA	griffin2023_supp1_candidates	griffin2023	1	Griffin_2023_Supp_Table_1_All_Candidate_Genes.csv	LMNA
HGNC:6636	LMNA	gencc_clingen_submitter_2026_08_10	gencc2022	1	GenCC_data_Aug10_2026	LMNA
HGNC:6636	LMNA	clingen_dosage_gene_2026_08_10	clingen_dosage	1	ClinGen_Dosage_GENE-only_10Aug26.csv	LMNA
HGNC:19104	NPHP4	chdgene_2026_08_10	chdgene	1	CHDGENE_table_10Aug26.csv	NPHP4
HGNC:19104	NPHP4	griffin2023_supp1_candidates	griffin2023	1	Griffin_2023_Supp_Table_1_All_Candidate_Genes.csv	NPHP4
HGNC:19104	NPHP4	griffin2023_supp2_curated	griffin2023	1	Griffin_2023_Supp_Table_2_All_Curated_Genes.csv	NPHP4
HGNC:19104	NPHP4	griffin2023_curated_not_final	griffin2023	1	Griffin_2023_fully_curated_not_final_n196.csv	NPHP4
HGNC:19104	NPHP4	dong_recessive108	dong2025	1	Dong recessive 108	NPHP4
HGNC:19104	NPHP4	dong_observed_recessive23	dong2025	1	Dong observed recessive 23	NPHP4
HGNC:19104	NPHP4	gencc_clingen_submitter_2026_08_10	gencc2022	1	GenCC_data_Aug10_2026	NPHP4
HGNC:19104	NPHP4	clingen_dosage_gene_2026_08_10	clingen_dosage	1	ClinGen_Dosage_GENE-only_10Aug26.csv	NPHP4
HGNC:15882	PCMTD2	griffin2023_supp1_candidates	griffin2023	1	Griffin_2023_Supp_Table_1_All_Candidate_Genes.csv	PCMTD2
HGNC:14357	MMP21	chdgene_2026_08_10	chdgene	1	CHDGENE_table_10Aug26.csv	MMP21
HGNC:14357	MMP21	dong_recessive108	dong2025	1	Dong recessive 108	MMP21
HGNC:14357	MMP21	dong_observed_recessive23	dong2025	1	Dong observed recessive 23	MMP21
HGNC:13387	NEK8	griffin2023_table1_syndromic	griffin2023	1	Griffin_2023_table1_syndromic.csv	NEK8
HGNC:13387	NEK8	griffin2023_supp1_candidates	griffin2023	1	Griffin_2023_Supp_Table_1_All_Candidate_Genes.csv	NEK8
HGNC:13387	NEK8	griffin2023_supp2_curated	griffin2023	1	Griffin_2023_Supp_Table_2_All_Curated_Genes.csv	NEK8
HGNC:13387	NEK8	dong_recessive108	dong2025	1	Dong recessive 108	NEK8
HGNC:13387	NEK8	gencc_clingen_submitter_2026_08_10	gencc2022	1	GenCC_data_Aug10_2026	NEK8
HGNC:24149	HES4	griffin2023_supp1_candidates	griffin2023	1	Griffin_2023_Supp_Table_1_All_Candidate_Genes.csv	HES4
HGNC:7883	NOTCH3	griffin2023_supp1_candidates	griffin2023	1	Griffin_2023_Supp_Table_1_All_Candidate_Genes.csv	NOTCH3
HGNC:7883	NOTCH3	gencc_clingen_submitter_2026_08_10	gencc2022	1	GenCC_data_Aug10_2026	NOTCH3
HGNC:16380	TRIM32	griffin2023_supp1_candidates	griffin2023	1	Griffin_2023_Supp_Table_1_All_Candidate_Genes.csv	TRIM32
HGNC:16380	TRIM32	gencc_clingen_submitter_2026_08_10	gencc2022	1	GenCC_data_Aug10_2026	TRIM32
HGNC:16380	TRIM32	clingen_dosage_gene_2026_08_10	clingen_dosage	1	ClinGen_Dosage_GENE-only_10Aug26.csv	TRIM32
HGNC:21595	SESN1	griffin2023_supp1_candidates	griffin2023	1	Griffin_2023_Supp_Table_1_All_Candidate_Genes.csv	SESN1
HGNC:14263	RAB23	chdgene_2026_08_10	chdgene	1	CHDGENE_table_10Aug26.csv	RAB23
HGNC:14263	RAB23	griffin2023_table1_syndromic	griffin2023	1	Griffin_2023_table1_syndromic.csv	RAB23
HGNC:14263	RAB23	griffin2023_supp1_candidates	griffin2023	1	Griffin_2023_Supp_Table_1_All_Candidate_Genes.csv	RAB23
HGNC:14263	RAB23	griffin2023_supp2_curated	griffin2023	1	Griffin_2023_Supp_Table_2_All_Curated_Genes.csv	RAB23
HGNC:14263	RAB23	dong_recessive108	dong2025	1	Dong recessive 108	RAB23
HGNC:10062	RNF20	griffin2023_supp1_candidates	griffin2023	1	Griffin_2023_Supp_Table_1_All_Candidate_Genes.csv	RNF20
HGNC:29079	KDM1A	griffin2023_supp1_candidates	griffin2023	1	Griffin_2023_Supp_Table_1_All_Candidate_Genes.csv	KDM1A
HGNC:29079	KDM1A	gencc_clingen_submitter_2026_08_10	gencc2022	1	GenCC_data_Aug10_2026	KDM1A
HGNC:8854	PEX12	griffin2023_supp1_candidates	griffin2023	1	Griffin_2023_Supp_Table_1_All_Candidate_Genes.csv	PEX12
HGNC:8854	PEX12	gencc_clingen_submitter_2026_08_10	gencc2022	1	GenCC_data_Aug10_2026	PEX12
HGNC:12784	WNT5A	griffin2023_supp1_candidates	griffin2023	1	Griffin_2023_Supp_Table_1_All_Candidate_Genes.csv	WNT5A
HGNC:12784	WNT5A	griffin2023_supp2_curated	griffin2023	1	Griffin_2023_Supp_Table_2_All_Curated_Genes.csv	WNT5A
HGNC:12784	WNT5A	griffin2023_curated_not_final	griffin2023	1	Griffin_2023_fully_curated_not_final_n196.csv	WNT5A
HGNC:12784	WNT5A	gencc_clingen_submitter_2026_08_10	gencc2022	1	GenCC_data_Aug10_2026	WNT5A
HGNC:8569	PCSK6	griffin2023_supp1_candidates	griffin2023	1	Griffin_2023_Supp_Table_1_All_Candidate_Genes.csv	PCSK6
HGNC:8569	PCSK6	griffin2023_supp2_curated	griffin2023	1	Griffin_2023_Supp_Table_2_All_Curated_Genes.csv	PCSK6
HGNC:8569	PCSK6	griffin2023_curated_not_final	griffin2023	1	Griffin_2023_fully_curated_not_final_n196.csv	PCSK6
HGNC:8569	PCSK6	gencc_clingen_submitter_2026_08_10	gencc2022	1	GenCC_data_Aug10_2026	PCSK6
HGNC:11469	SUPT5H	griffin2023_supp1_candidates	griffin2023	1	Griffin_2023_Supp_Table_1_All_Candidate_Genes.csv	SUPT5H
HGNC:20185	TMEM260	chdgene_2026_08_10	chdgene	1	CHDGENE_table_10Aug26.csv	TMEM260
HGNC:20185	TMEM260	dong_recessive108	dong2025	1	Dong recessive 108	TMEM260
HGNC:21057	RSPH9	griffin2023_supp1_candidates	griffin2023	1	Griffin_2023_Supp_Table_1_All_Candidate_Genes.csv	RSPH9
HGNC:21057	RSPH9	gencc_clingen_submitter_2026_08_10	gencc2022	1	GenCC_data_Aug10_2026	RSPH9
HGNC:18039	KDM5B	griffin2023_supp1_candidates	griffin2023	1	Griffin_2023_Supp_Table_1_All_Candidate_Genes.csv	KDM5B
HGNC:18039	KDM5B	sierant_dominant60	sierant2025	1	Sierant dominant 60	KDM5B
HGNC:18039	KDM5B	clingen_dosage_gene_2026_08_10	clingen_dosage	1	ClinGen_Dosage_GENE-only_10Aug26.csv	KDM5B
HGNC:12680	VEGFA	griffin2023_supp1_candidates	griffin2023	1	Griffin_2023_Supp_Table_1_All_Candidate_Genes.csv	VEGFA
HGNC:12680	VEGFA	griffin2023_supp2_curated	griffin2023	1	Griffin_2023_Supp_Table_2_All_Curated_Genes.csv	VEGFA
HGNC:12680	VEGFA	griffin2023_curated_not_final	griffin2023	1	Griffin_2023_fully_curated_not_final_n196.csv	VEGFA
HGNC:12680	VEGFA	gencc_clingen_submitter_2026_08_10	gencc2022	1	GenCC_data_Aug10_2026	VEGFA
HGNC:12680	VEGFA	clingen_dosage_gene_2026_08_10	clingen_dosage	1	ClinGen_Dosage_GENE-only_10Aug26.csv	VEGFA
HGNC:16473	NME8	griffin2023_supp1_candidates	griffin2023	1	Griffin_2023_Supp_Table_1_All_Candidate_Genes.csv	NME8;TXNDC3
HGNC:16473	NME8	griffin2023_supp2_curated	griffin2023	1	Griffin_2023_Supp_Table_2_All_Curated_Genes.csv	NME8;TXNDC3
HGNC:16473	NME8	griffin2023_curated_not_final	griffin2023	1	Griffin_2023_fully_curated_not_final_n196.csv	NME8;TXNDC3
HGNC:16473	NME8	dong_recessive108	dong2025	1	Dong recessive 108	NME8;TXNDC3
HGNC:16473	NME8	gencc_clingen_submitter_2026_08_10	gencc2022	1	GenCC_data_Aug10_2026	NME8;TXNDC3
HGNC:7939	NPPA	griffin2023_supp1_candidates	griffin2023	1	Griffin_2023_Supp_Table_1_All_Candidate_Genes.csv	NPPA
HGNC:7939	NPPA	gencc_clingen_submitter_2026_08_10	gencc2022	1	GenCC_data_Aug10_2026	NPPA
HGNC:6716	LTBP3	dong_recessive108	dong2025	1	Dong recessive 108	LTBP3
HGNC:10360	RPL5	griffin2023_table1_syndromic	griffin2023	1	Griffin_2023_table1_syndromic.csv	RPL5
HGNC:10360	RPL5	griffin2023_supp1_candidates	griffin2023	1	Griffin_2023_Supp_Table_1_All_Candidate_Genes.csv	RPL5
HGNC:10360	RPL5	griffin2023_supp2_curated	griffin2023	1	Griffin_2023_Supp_Table_2_All_Curated_Genes.csv	RPL5
HGNC:10360	RPL5	griffin2023_supp3_denovo	griffin2023	1	Griffin_2023_Supp_Table_3_Curated_De_Novo Variants.csv	RPL5
HGNC:10360	RPL5	griffin2023_supp4_lof	griffin2023	1	Griffin_2023_Supp_Table_4_Curated_LoF_Variants.csv	RPL5
HGNC:10360	RPL5	sierant_dominant60	sierant2025	1	Sierant dominant 60	RPL5
HGNC:10360	RPL5	gencc_clingen_submitter_2026_08_10	gencc2022	1	GenCC_data_Aug10_2026	RPL5
HGNC:10360	RPL5	clingen_dosage_gene_2026_08_10	clingen_dosage	1	ClinGen_Dosage_GENE-only_10Aug26.csv	RPL5
HGNC:15985	SVEP1	sierant_dominant60	sierant2025	1	Sierant dominant 60	SVEP1
HGNC:6842	MAP2K2	chdgene_2026_08_10	chdgene	1	CHDGENE_table_10Aug26.csv	MAP2K2
HGNC:6842	MAP2K2	griffin2023_table1_syndromic	griffin2023	1	Griffin_2023_table1_syndromic.csv	MAP2K2
HGNC:6842	MAP2K2	griffin2023_supp1_candidates	griffin2023	1	Griffin_2023_Supp_Table_1_All_Candidate_Genes.csv	MAP2K2
HGNC:6842	MAP2K2	griffin2023_supp2_curated	griffin2023	1	Griffin_2023_Supp_Table_2_All_Curated_Genes.csv	MAP2K2
HGNC:6842	MAP2K2	gencc_clingen_submitter_2026_08_10	gencc2022	1	GenCC_data_Aug10_2026	MAP2K2
HGNC:6842	MAP2K2	clingen_dosage_gene_2026_08_10	clingen_dosage	1	ClinGen_Dosage_GENE-only_10Aug26.csv	MAP2K2
HGNC:9397	ZMYND8	chdgene_2026_08_10	chdgene	1	CHDGENE_table_10Aug26.csv	ZMYND8
HGNC:9397	ZMYND8	gencc_clingen_submitter_2026_08_10	gencc2022	1	GenCC_data_Aug10_2026	ZMYND8
HGNC:11128	SNAI1	griffin2023_supp1_candidates	griffin2023	1	Griffin_2023_Supp_Table_1_All_Candidate_Genes.csv	SNAI1
HGNC:11128	SNAI1	griffin2023_supp2_curated	griffin2023	1	Griffin_2023_Supp_Table_2_All_Curated_Genes.csv	SNAI1
HGNC:11128	SNAI1	griffin2023_curated_not_final	griffin2023	1	Griffin_2023_fully_curated_not_final_n196.csv	SNAI1
HGNC:32949	SMPD4	chdgene_2026_08_10	chdgene	1	CHDGENE_table_10Aug26.csv	SMPD4
HGNC:32949	SMPD4	dong_recessive108	dong2025	1	Dong recessive 108	SMPD4
HGNC:6993	MEF2A	griffin2023_supp1_candidates	griffin2023	1	Griffin_2023_Supp_Table_1_All_Candidate_Genes.csv	MEF2A
HGNC:10659	SDC2	griffin2023_supp1_candidates	griffin2023	1	Griffin_2023_Supp_Table_1_All_Candidate_Genes.csv	SDC2
HGNC:30401	LEO1	griffin2023_supp1_candidates	griffin2023	1	Griffin_2023_Supp_Table_1_All_Candidate_Genes.csv	LEO1
HGNC:30401	LEO1	clingen_dosage_gene_2026_08_10	clingen_dosage	1	ClinGen_Dosage_GENE-only_10Aug26.csv	LEO1
HGNC:10472	RUNX2	griffin2023_supp1_candidates	griffin2023	1	Griffin_2023_Supp_Table_1_All_Candidate_Genes.csv	RUNX2
HGNC:6774	SMAD9	griffin2023_supp1_candidates	griffin2023	1	Griffin_2023_Supp_Table_1_All_Candidate_Genes.csv	SMAD9
HGNC:6240	KCNE1	griffin2023_supp1_candidates	griffin2023	1	Griffin_2023_Supp_Table_1_All_Candidate_Genes.csv	KCNE1
HGNC:13345	LPIN1	griffin2023_supp1_candidates	griffin2023	1	Griffin_2023_Supp_Table_1_All_Candidate_Genes.csv	LPIN1
HGNC:7391	MSX1	griffin2023_supp1_candidates	griffin2023	1	Griffin_2023_Supp_Table_1_All_Candidate_Genes.csv	MSX1
HGNC:7391	MSX1	griffin2023_supp2_curated	griffin2023	1	Griffin_2023_Supp_Table_2_All_Curated_Genes.csv	MSX1
HGNC:7391	MSX1	griffin2023_curated_not_final	griffin2023	1	Griffin_2023_fully_curated_not_final_n196.csv	MSX1
HGNC:7391	MSX1	gencc_clingen_submitter_2026_08_10	gencc2022	1	GenCC_data_Aug10_2026	MSX1
HGNC:7391	MSX1	clingen_dosage_gene_2026_08_10	clingen_dosage	1	ClinGen_Dosage_GENE-only_10Aug26.csv	MSX1
HGNC:5244	HSPA9	chdgene_2026_08_10	chdgene	1	CHDGENE_table_10Aug26.csv	HSPA9
HGNC:17582	KAT6B	chdgene_2026_08_10	chdgene	1	CHDGENE_table_10Aug26.csv	KAT6B
HGNC:17582	KAT6B	griffin2023_table1_syndromic	griffin2023	1	Griffin_2023_table1_syndromic.csv	KAT6B
HGNC:17582	KAT6B	griffin2023_supp1_candidates	griffin2023	1	Griffin_2023_Supp_Table_1_All_Candidate_Genes.csv	KAT6B
HGNC:17582	KAT6B	griffin2023_supp2_curated	griffin2023	1	Griffin_2023_Supp_Table_2_All_Curated_Genes.csv	KAT6B
HGNC:17582	KAT6B	griffin2023_supp3_denovo	griffin2023	1	Griffin_2023_Supp_Table_3_Curated_De_Novo Variants.csv	KAT6B
HGNC:17582	KAT6B	griffin2023_supp4_lof	griffin2023	1	Griffin_2023_Supp_Table_4_Curated_LoF_Variants.csv	KAT6B
HGNC:17582	KAT6B	gencc_clingen_submitter_2026_08_10	gencc2022	1	GenCC_data_Aug10_2026	KAT6B
HGNC:17582	KAT6B	clingen_dosage_gene_2026_08_10	clingen_dosage	1	ClinGen_Dosage_GENE-only_10Aug26.csv	KAT6B
HGNC:18801	POGZ	sierant_dominant60	sierant2025	1	Sierant dominant 60	POGZ
HGNC:18801	POGZ	clingen_dosage_gene_2026_08_10	clingen_dosage	1	ClinGen_Dosage_GENE-only_10Aug26.csv	POGZ
HGNC:9330	PQBP1	griffin2023_supp1_candidates	griffin2023	1	Griffin_2023_Supp_Table_1_All_Candidate_Genes.csv	PQBP1
HGNC:9330	PQBP1	griffin2023_supp2_curated	griffin2023	1	Griffin_2023_Supp_Table_2_All_Curated_Genes.csv	PQBP1
HGNC:9330	PQBP1	griffin2023_curated_not_final	griffin2023	1	Griffin_2023_fully_curated_not_final_n196.csv	PQBP1
HGNC:9330	PQBP1	clingen_dosage_gene_2026_08_10	clingen_dosage	1	ClinGen_Dosage_GENE-only_10Aug26.csv	PQBP1
HGNC:9719	PEX5	griffin2023_supp1_candidates	griffin2023	1	Griffin_2023_Supp_Table_1_All_Candidate_Genes.csv	PEX5
HGNC:14361	IRX5	griffin2023_supp1_candidates	griffin2023	1	Griffin_2023_Supp_Table_1_All_Candidate_Genes.csv	IRX5
HGNC:14361	IRX5	griffin2023_supp2_curated	griffin2023	1	Griffin_2023_Supp_Table_2_All_Curated_Genes.csv	IRX5
HGNC:14361	IRX5	griffin2023_curated_not_final	griffin2023	1	Griffin_2023_fully_curated_not_final_n196.csv	IRX5
HGNC:14361	IRX5	dong_recessive108	dong2025	1	Dong recessive 108	IRX5
HGNC:14361	IRX5	gencc_clingen_submitter_2026_08_10	gencc2022	1	GenCC_data_Aug10_2026	IRX5
HGNC:9835	RAI2	griffin2023_supp1_candidates	griffin2023	1	Griffin_2023_Supp_Table_1_All_Candidate_Genes.csv	RAI2
HGNC:9835	RAI2	griffin2023_supp2_curated	griffin2023	1	Griffin_2023_Supp_Table_2_All_Curated_Genes.csv	RAI2
HGNC:9835	RAI2	griffin2023_curated_not_final	griffin2023	1	Griffin_2023_fully_curated_not_final_n196.csv	RAI2
HGNC:9835	RAI2	gencc_clingen_submitter_2026_08_10	gencc2022	1	GenCC_data_Aug10_2026	RAI2
HGNC:15840	KMT2B	griffin2023_supp1_candidates	griffin2023	1	Griffin_2023_Supp_Table_1_All_Candidate_Genes.csv	KMT2B
HGNC:15840	KMT2B	gencc_clingen_submitter_2026_08_10	gencc2022	1	GenCC_data_Aug10_2026	KMT2B
HGNC:15840	KMT2B	clingen_dosage_gene_2026_08_10	clingen_dosage	1	ClinGen_Dosage_GENE-only_10Aug26.csv	KMT2B
HGNC:30650	STRA6	chdgene_2026_08_10	chdgene	1	CHDGENE_table_10Aug26.csv	STRA6
HGNC:30650	STRA6	griffin2023_table1_syndromic	griffin2023	1	Griffin_2023_table1_syndromic.csv	STRA6
HGNC:30650	STRA6	griffin2023_supp1_candidates	griffin2023	1	Griffin_2023_Supp_Table_1_All_Candidate_Genes.csv	STRA6
HGNC:30650	STRA6	griffin2023_supp2_curated	griffin2023	1	Griffin_2023_Supp_Table_2_All_Curated_Genes.csv	STRA6
HGNC:30650	STRA6	dong_recessive108	dong2025	1	Dong recessive 108	STRA6
HGNC:6866	MAP4K4	chdgene_2026_08_10	chdgene	1	CHDGENE_table_10Aug26.csv	MAP4K4
HGNC:7121	MKS1	griffin2023_supp1_candidates	griffin2023	1	Griffin_2023_Supp_Table_1_All_Candidate_Genes.csv	MKS1
HGNC:7121	MKS1	griffin2023_supp2_curated	griffin2023	1	Griffin_2023_Supp_Table_2_All_Curated_Genes.csv	MKS1
HGNC:7121	MKS1	griffin2023_curated_not_final	griffin2023	1	Griffin_2023_fully_curated_not_final_n196.csv	MKS1
HGNC:7121	MKS1	dong_recessive108	dong2025	1	Dong recessive 108	MKS1
HGNC:7121	MKS1	gencc_clingen_submitter_2026_08_10	gencc2022	1	GenCC_data_Aug10_2026	MKS1
HGNC:7121	MKS1	clingen_dosage_gene_2026_08_10	clingen_dosage	1	ClinGen_Dosage_GENE-only_10Aug26.csv	MKS1
HGNC:9380	PRKACA	chdgene_2026_08_10	chdgene	1	CHDGENE_table_10Aug26.csv	PRKACA
HGNC:17575	SPEN	chdgene_2026_08_10	chdgene	1	CHDGENE_table_10Aug26.csv	SPEN
HGNC:17575	SPEN	gencc_clingen_submitter_2026_08_10	gencc2022	1	GenCC_data_Aug10_2026	SPEN
HGNC:17575	SPEN	clingen_dosage_gene_2026_08_10	clingen_dosage	1	ClinGen_Dosage_GENE-only_10Aug26.csv	SPEN
HGNC:11104	SMARCC1	sierant_dominant60	sierant2025	1	Sierant dominant 60	SMARCC1
HGNC:11104	SMARCC1	gencc_clingen_submitter_2026_08_10	gencc2022	1	GenCC_data_Aug10_2026	SMARCC1
HGNC:6886	MAPK9	griffin2023_supp1_candidates	griffin2023	1	Griffin_2023_Supp_Table_1_All_Candidate_Genes.csv	MAPK9
HGNC:7882	NOTCH2	chdgene_2026_08_10	chdgene	1	CHDGENE_table_10Aug26.csv	NOTCH2
HGNC:7882	NOTCH2	griffin2023_supp1_candidates	griffin2023	1	Griffin_2023_Supp_Table_1_All_Candidate_Genes.csv	NOTCH2
HGNC:7882	NOTCH2	griffin2023_supp2_curated	griffin2023	1	Griffin_2023_Supp_Table_2_All_Curated_Genes.csv	NOTCH2
HGNC:7882	NOTCH2	griffin2023_curated_not_final	griffin2023	1	Griffin_2023_fully_curated_not_final_n196.csv	NOTCH2
HGNC:7882	NOTCH2	gencc_clingen_submitter_2026_08_10	gencc2022	1	GenCC_data_Aug10_2026	NOTCH2
HGNC:7882	NOTCH2	clingen_dosage_gene_2026_08_10	clingen_dosage	1	ClinGen_Dosage_GENE-only_10Aug26.csv	NOTCH2
HGNC:9713	PEX19	griffin2023_supp1_candidates	griffin2023	1	Griffin_2023_Supp_Table_1_All_Candidate_Genes.csv	PEX19
HGNC:5273	HSPG2	griffin2023_supp1_candidates	griffin2023	1	Griffin_2023_Supp_Table_1_All_Candidate_Genes.csv	HSPG2
HGNC:5273	HSPG2	griffin2023_supp2_curated	griffin2023	1	Griffin_2023_Supp_Table_2_All_Curated_Genes.csv	HSPG2
HGNC:5273	HSPG2	griffin2023_curated_not_final	griffin2023	1	Griffin_2023_fully_curated_not_final_n196.csv	HSPG2
HGNC:5273	HSPG2	gencc_clingen_submitter_2026_08_10	gencc2022	1	GenCC_data_Aug10_2026	HSPG2
HGNC:5273	HSPG2	clingen_dosage_gene_2026_08_10	clingen_dosage	1	ClinGen_Dosage_GENE-only_10Aug26.csv	HSPG2
HGNC:5724	RBPJ	griffin2023_supp1_candidates	griffin2023	1	Griffin_2023_Supp_Table_1_All_Candidate_Genes.csv	RBPJ
HGNC:5724	RBPJ	griffin2023_supp2_curated	griffin2023	1	Griffin_2023_Supp_Table_2_All_Curated_Genes.csv	RBPJ
HGNC:5724	RBPJ	griffin2023_curated_not_final	griffin2023	1	Griffin_2023_fully_curated_not_final_n196.csv	RBPJ
HGNC:7907	NPHP3	chdgene_2026_08_10	chdgene	1	CHDGENE_table_10Aug26.csv	NPHP3
HGNC:7907	NPHP3	griffin2023_table1_syndromic	griffin2023	1	Griffin_2023_table1_syndromic.csv	NPHP3
HGNC:7907	NPHP3	griffin2023_supp1_candidates	griffin2023	1	Griffin_2023_Supp_Table_1_All_Candidate_Genes.csv	NPHP3
HGNC:7907	NPHP3	griffin2023_supp2_curated	griffin2023	1	Griffin_2023_Supp_Table_2_All_Curated_Genes.csv	NPHP3
HGNC:7907	NPHP3	dong_recessive108	dong2025	1	Dong recessive 108	NPHP3
HGNC:7907	NPHP3	dong_observed_recessive23	dong2025	1	Dong observed recessive 23	NPHP3
HGNC:11466	SUPT3H	griffin2023_supp1_candidates	griffin2023	1	Griffin_2023_Supp_Table_1_All_Candidate_Genes.csv	SUPT3H
HGNC:14881	ZEB2	chdgene_2026_08_10	chdgene	1	CHDGENE_table_10Aug26.csv	ZEB2
HGNC:14881	ZEB2	griffin2023_table1_syndromic	griffin2023	1	Griffin_2023_table1_syndromic.csv	ZEB2
HGNC:14881	ZEB2	griffin2023_supp1_candidates	griffin2023	1	Griffin_2023_Supp_Table_1_All_Candidate_Genes.csv	ZEB2
HGNC:14881	ZEB2	griffin2023_supp2_curated	griffin2023	1	Griffin_2023_Supp_Table_2_All_Curated_Genes.csv	ZEB2
HGNC:14881	ZEB2	griffin2023_supp3_denovo	griffin2023	1	Griffin_2023_Supp_Table_3_Curated_De_Novo Variants.csv	ZEB2
HGNC:14881	ZEB2	sierant_dominant60	sierant2025	1	Sierant dominant 60	ZEB2
HGNC:14881	ZEB2	gencc_clingen_submitter_2026_08_10	gencc2022	1	GenCC_data_Aug10_2026	ZEB2
HGNC:14881	ZEB2	clingen_dosage_gene_2026_08_10	clingen_dosage	1	ClinGen_Dosage_GENE-only_10Aug26.csv	ZEB2
HGNC:8033	NTRK3	griffin2023_supp1_candidates	griffin2023	1	Griffin_2023_Supp_Table_1_All_Candidate_Genes.csv	NTRK3
HGNC:8033	NTRK3	griffin2023_supp2_curated	griffin2023	1	Griffin_2023_Supp_Table_2_All_Curated_Genes.csv	NTRK3
HGNC:8033	NTRK3	griffin2023_curated_not_final	griffin2023	1	Griffin_2023_fully_curated_not_final_n196.csv	NTRK3
HGNC:8033	NTRK3	gencc_clingen_submitter_2026_08_10	gencc2022	1	GenCC_data_Aug10_2026	NTRK3
HGNC:10440	RPS7	griffin2023_supp1_candidates	griffin2023	1	Griffin_2023_Supp_Table_1_All_Candidate_Genes.csv	RPS7
HGNC:10440	RPS7	griffin2023_supp2_curated	griffin2023	1	Griffin_2023_Supp_Table_2_All_Curated_Genes.csv	RPS7
HGNC:10440	RPS7	griffin2023_curated_not_final	griffin2023	1	Griffin_2023_fully_curated_not_final_n196.csv	RPS7
HGNC:10440	RPS7	clingen_dosage_gene_2026_08_10	clingen_dosage	1	ClinGen_Dosage_GENE-only_10Aug26.csv	RPS7
HGNC:7553	MYC	griffin2023_supp1_candidates	griffin2023	1	Griffin_2023_Supp_Table_1_All_Candidate_Genes.csv	MYC
HGNC:10301	RPL11	griffin2023_supp1_candidates	griffin2023	1	Griffin_2023_Supp_Table_1_All_Candidate_Genes.csv	RPL11
HGNC:10301	RPL11	griffin2023_supp2_curated	griffin2023	1	Griffin_2023_Supp_Table_2_All_Curated_Genes.csv	RPL11
HGNC:10301	RPL11	griffin2023_curated_not_final	griffin2023	1	Griffin_2023_fully_curated_not_final_n196.csv	RPL11
HGNC:6717	LTBP4	griffin2023_supp1_candidates	griffin2023	1	Griffin_2023_Supp_Table_1_All_Candidate_Genes.csv	LTBP4
HGNC:6717	LTBP4	dong_recessive108	dong2025	1	Dong recessive 108	LTBP4
HGNC:10723	SEMA3A	chdgene_2026_08_10	chdgene	1	CHDGENE_table_10Aug26.csv	SEMA3A
HGNC:10723	SEMA3A	griffin2023_supp1_candidates	griffin2023	1	Griffin_2023_Supp_Table_1_All_Candidate_Genes.csv	SEMA3A
HGNC:10723	SEMA3A	griffin2023_supp2_curated	griffin2023	1	Griffin_2023_Supp_Table_2_All_Curated_Genes.csv	SEMA3A
HGNC:10723	SEMA3A	griffin2023_curated_not_final	griffin2023	1	Griffin_2023_fully_curated_not_final_n196.csv	SEMA3A
HGNC:10723	SEMA3A	clingen_dosage_gene_2026_08_10	clingen_dosage	1	ClinGen_Dosage_GENE-only_10Aug26.csv	SEMA3A
HGNC:24961	HOPX	griffin2023_supp1_candidates	griffin2023	1	Griffin_2023_Supp_Table_1_All_Candidate_Genes.csv	HOPX
HGNC:18340	WDR19	griffin2023_supp1_candidates	griffin2023	1	Griffin_2023_Supp_Table_1_All_Candidate_Genes.csv	WDR19
HGNC:18340	WDR19	gencc_clingen_submitter_2026_08_10	gencc2022	1	GenCC_data_Aug10_2026	WDR19
HGNC:23096	SLC29A3	griffin2023_supp1_candidates	griffin2023	1	Griffin_2023_Supp_Table_1_All_Candidate_Genes.csv	SLC29A3
HGNC:23096	SLC29A3	griffin2023_supp2_curated	griffin2023	1	Griffin_2023_Supp_Table_2_All_Curated_Genes.csv	SLC29A3
HGNC:23096	SLC29A3	griffin2023_curated_not_final	griffin2023	1	Griffin_2023_fully_curated_not_final_n196.csv	SLC29A3
HGNC:23096	SLC29A3	gencc_clingen_submitter_2026_08_10	gencc2022	1	GenCC_data_Aug10_2026	SLC29A3
HGNC:12989	ZMYM2	chdgene_2026_08_10	chdgene	1	CHDGENE_table_10Aug26.csv	ZMYM2
HGNC:12989	ZMYM2	gencc_clingen_submitter_2026_08_10	gencc2022	1	GenCC_data_Aug10_2026	ZMYM2
HGNC:30551	TXNL4A	chdgene_2026_08_10	chdgene	1	CHDGENE_table_10Aug26.csv	TXNL4A
HGNC:30551	TXNL4A	dong_recessive108	dong2025	1	Dong recessive 108	TXNL4A
HGNC:12766	NSD2	griffin2023_supp1_candidates	griffin2023	1	Griffin_2023_Supp_Table_1_All_Candidate_Genes.csv	NSD2;WHSC1
HGNC:12766	NSD2	griffin2023_supp2_curated	griffin2023	1	Griffin_2023_Supp_Table_2_All_Curated_Genes.csv	NSD2;WHSC1
HGNC:12766	NSD2	griffin2023_curated_not_final	griffin2023	1	Griffin_2023_fully_curated_not_final_n196.csv	NSD2;WHSC1
HGNC:12766	NSD2	gencc_clingen_submitter_2026_08_10	gencc2022	1	GenCC_data_Aug10_2026	NSD2;WHSC1
HGNC:12766	NSD2	clingen_dosage_gene_2026_08_10	clingen_dosage	1	ClinGen_Dosage_GENE-only_10Aug26.csv	NSD2;WHSC1
HGNC:6913	MAX	griffin2023_supp1_candidates	griffin2023	1	Griffin_2023_Supp_Table_1_All_Candidate_Genes.csv	MAX
HGNC:6913	MAX	gencc_clingen_submitter_2026_08_10	gencc2022	1	GenCC_data_Aug10_2026	MAX
HGNC:6913	MAX	clingen_dosage_gene_2026_08_10	clingen_dosage	1	ClinGen_Dosage_GENE-only_10Aug26.csv	MAX
HGNC:7014	MEOX2	griffin2023_supp1_candidates	griffin2023	1	Griffin_2023_Supp_Table_1_All_Candidate_Genes.csv	MEOX2
HGNC:7001	MEIS2	chdgene_2026_08_10	chdgene	1	CHDGENE_table_10Aug26.csv	MEIS2
HGNC:7001	MEIS2	griffin2023_table1_isolated	griffin2023	1	Griffin_2023_table1_isolated.csv	MEIS2
HGNC:7001	MEIS2	griffin2023_supp1_candidates	griffin2023	1	Griffin_2023_Supp_Table_1_All_Candidate_Genes.csv	MEIS2
HGNC:7001	MEIS2	griffin2023_supp2_curated	griffin2023	1	Griffin_2023_Supp_Table_2_All_Curated_Genes.csv	MEIS2
HGNC:7001	MEIS2	griffin2023_supp3_denovo	griffin2023	1	Griffin_2023_Supp_Table_3_Curated_De_Novo Variants.csv	MEIS2
HGNC:7001	MEIS2	clingen_dosage_gene_2026_08_10	clingen_dosage	1	ClinGen_Dosage_GENE-only_10Aug26.csv	MEIS2
HGNC:25280	ODAD4	chdgene_2026_08_10	chdgene	1	CHDGENE_table_10Aug26.csv	ODAD4;TTC25
HGNC:25280	ODAD4	griffin2023_supp1_candidates	griffin2023	1	Griffin_2023_Supp_Table_1_All_Candidate_Genes.csv	ODAD4;TTC25
HGNC:25280	ODAD4	dong_recessive108	dong2025	1	Dong recessive 108	ODAD4;TTC25
HGNC:25280	ODAD4	gencc_clingen_submitter_2026_08_10	gencc2022	1	GenCC_data_Aug10_2026	ODAD4;TTC25
HGNC:9046	PLAGL1	griffin2023_supp1_candidates	griffin2023	1	Griffin_2023_Supp_Table_1_All_Candidate_Genes.csv	PLAGL1
HGNC:9046	PLAGL1	griffin2023_supp2_curated	griffin2023	1	Griffin_2023_Supp_Table_2_All_Curated_Genes.csv	PLAGL1
HGNC:9046	PLAGL1	griffin2023_curated_not_final	griffin2023	1	Griffin_2023_fully_curated_not_final_n196.csv	PLAGL1
HGNC:9046	PLAGL1	clingen_dosage_gene_2026_08_10	clingen_dosage	1	ClinGen_Dosage_GENE-only_10Aug26.csv	PLAGL1
HGNC:20456	TRAF7	chdgene_2026_08_10	chdgene	1	CHDGENE_table_10Aug26.csv	TRAF7
HGNC:20456	TRAF7	gencc_clingen_submitter_2026_08_10	gencc2022	1	GenCC_data_Aug10_2026	TRAF7
HGNC:20456	TRAF7	clingen_dosage_gene_2026_08_10	clingen_dosage	1	ClinGen_Dosage_GENE-only_10Aug26.csv	TRAF7
HGNC:13726	KMT2C	griffin2023_supp1_candidates	griffin2023	1	Griffin_2023_Supp_Table_1_All_Candidate_Genes.csv	KMT2C
HGNC:13726	KMT2C	griffin2023_supp2_curated	griffin2023	1	Griffin_2023_Supp_Table_2_All_Curated_Genes.csv	KMT2C
HGNC:13726	KMT2C	griffin2023_curated_not_final	griffin2023	1	Griffin_2023_fully_curated_not_final_n196.csv	KMT2C
HGNC:13726	KMT2C	gencc_clingen_submitter_2026_08_10	gencc2022	1	GenCC_data_Aug10_2026	KMT2C
HGNC:13726	KMT2C	clingen_dosage_gene_2026_08_10	clingen_dosage	1	ClinGen_Dosage_GENE-only_10Aug26.csv	KMT2C
HGNC:8855	PEX13	griffin2023_supp1_candidates	griffin2023	1	Griffin_2023_Supp_Table_1_All_Candidate_Genes.csv	PEX13
HGNC:10848	SHH	griffin2023_supp1_candidates	griffin2023	1	Griffin_2023_Supp_Table_1_All_Candidate_Genes.csv	SHH
HGNC:10848	SHH	griffin2023_supp2_curated	griffin2023	1	Griffin_2023_Supp_Table_2_All_Curated_Genes.csv	SHH
HGNC:10848	SHH	griffin2023_curated_not_final	griffin2023	1	Griffin_2023_fully_curated_not_final_n196.csv	SHH
HGNC:10848	SHH	clingen_dosage_gene_2026_08_10	clingen_dosage	1	ClinGen_Dosage_GENE-only_10Aug26.csv	SHH
HGNC:11187	SOS1	chdgene_2026_08_10	chdgene	1	CHDGENE_table_10Aug26.csv	SOS1
HGNC:11187	SOS1	griffin2023_table1_syndromic	griffin2023	1	Griffin_2023_table1_syndromic.csv	SOS1
HGNC:11187	SOS1	griffin2023_supp1_candidates	griffin2023	1	Griffin_2023_Supp_Table_1_All_Candidate_Genes.csv	SOS1
HGNC:11187	SOS1	griffin2023_supp2_curated	griffin2023	1	Griffin_2023_Supp_Table_2_All_Curated_Genes.csv	SOS1
HGNC:11187	SOS1	griffin2023_supp3_denovo	griffin2023	1	Griffin_2023_Supp_Table_3_Curated_De_Novo Variants.csv	SOS1
HGNC:11187	SOS1	sierant_dominant60	sierant2025	1	Sierant dominant 60	SOS1
HGNC:11187	SOS1	gencc_clingen_submitter_2026_08_10	gencc2022	1	GenCC_data_Aug10_2026	SOS1
HGNC:11187	SOS1	clingen_dosage_gene_2026_08_10	clingen_dosage	1	ClinGen_Dosage_GENE-only_10Aug26.csv	SOS1
HGNC:25763	SMG9	chdgene_2026_08_10	chdgene	1	CHDGENE_table_10Aug26.csv	SMG9
HGNC:25763	SMG9	dong_recessive108	dong2025	1	Dong recessive 108	SMG9
HGNC:9381	PRKACB	chdgene_2026_08_10	chdgene	1	CHDGENE_table_10Aug26.csv	PRKACB
HGNC:9386	PRKAG2	griffin2023_supp1_candidates	griffin2023	1	Griffin_2023_Supp_Table_1_All_Candidate_Genes.csv	PRKAG2
HGNC:9386	PRKAG2	griffin2023_supp2_curated	griffin2023	1	Griffin_2023_Supp_Table_2_All_Curated_Genes.csv	PRKAG2
HGNC:9386	PRKAG2	griffin2023_curated_not_final	griffin2023	1	Griffin_2023_fully_curated_not_final_n196.csv	PRKAG2
HGNC:9386	PRKAG2	gencc_clingen_submitter_2026_08_10	gencc2022	1	GenCC_data_Aug10_2026	PRKAG2
HGNC:9386	PRKAG2	clingen_dosage_gene_2026_08_10	clingen_dosage	1	ClinGen_Dosage_GENE-only_10Aug26.csv	PRKAG2
HGNC:5154	HPGD	dong_recessive108	dong2025	1	Dong recessive 108	HPGD
HGNC:5154	HPGD	clingen_dosage_gene_2026_08_10	clingen_dosage	1	ClinGen_Dosage_GENE-only_10Aug26.csv	HPGD
HGNC:29010	SETD1A	griffin2023_supp1_candidates	griffin2023	1	Griffin_2023_Supp_Table_1_All_Candidate_Genes.csv	SETD1A
HGNC:29010	SETD1A	clingen_dosage_gene_2026_08_10	clingen_dosage	1	ClinGen_Dosage_GENE-only_10Aug26.csv	SETD1A
HGNC:6481	LAMA1	griffin2023_supp1_candidates	griffin2023	1	Griffin_2023_Supp_Table_1_All_Candidate_Genes.csv	LAMA1
HGNC:6481	LAMA1	clingen_dosage_gene_2026_08_10	clingen_dosage	1	ClinGen_Dosage_GENE-only_10Aug26.csv	LAMA1
HGNC:18122	SOX17	griffin2023_supp1_candidates	griffin2023	1	Griffin_2023_Supp_Table_1_All_Candidate_Genes.csv	SOX17
HGNC:18122	SOX17	griffin2023_supp2_curated	griffin2023	1	Griffin_2023_Supp_Table_2_All_Curated_Genes.csv	SOX17
HGNC:18122	SOX17	griffin2023_curated_not_final	griffin2023	1	Griffin_2023_fully_curated_not_final_n196.csv	SOX17
HGNC:18122	SOX17	gencc_clingen_submitter_2026_08_10	gencc2022	1	GenCC_data_Aug10_2026	SOX17
HGNC:22965	PEX26	griffin2023_supp1_candidates	griffin2023	1	Griffin_2023_Supp_Table_1_All_Candidate_Genes.csv	PEX26
HGNC:22965	PEX26	gencc_clingen_submitter_2026_08_10	gencc2022	1	GenCC_data_Aug10_2026	PEX26
HGNC:22965	PEX26	clingen_dosage_gene_2026_08_10	clingen_dosage	1	ClinGen_Dosage_GENE-only_10Aug26.csv	PEX26
HGNC:28027	WDPCP	dong_recessive108	dong2025	1	Dong recessive 108	WDPCP
HGNC:28027	WDPCP	gencc_clingen_submitter_2026_08_10	gencc2022	1	GenCC_data_Aug10_2026	WDPCP
HGNC:28027	WDPCP	clingen_dosage_gene_2026_08_10	clingen_dosage	1	ClinGen_Dosage_GENE-only_10Aug26.csv	WDPCP
HGNC:6469	KYNU	chdgene_2026_08_10	chdgene	1	CHDGENE_table_10Aug26.csv	KYNU
HGNC:6469	KYNU	dong_recessive108	dong2025	1	Dong recessive 108	KYNU
HGNC:6469	KYNU	dong_observed_recessive23	dong2025	1	Dong observed recessive 23	KYNU
HGNC:6469	KYNU	gencc_clingen_submitter_2026_08_10	gencc2022	1	GenCC_data_Aug10_2026	KYNU
HGNC:9644	PTPN11	chdgene_2026_08_10	chdgene	1	CHDGENE_table_10Aug26.csv	PTPN11
HGNC:9644	PTPN11	griffin2023_table1_syndromic	griffin2023	1	Griffin_2023_table1_syndromic.csv	PTPN11
HGNC:9644	PTPN11	griffin2023_supp1_candidates	griffin2023	1	Griffin_2023_Supp_Table_1_All_Candidate_Genes.csv	PTPN11
HGNC:9644	PTPN11	griffin2023_supp2_curated	griffin2023	1	Griffin_2023_Supp_Table_2_All_Curated_Genes.csv	PTPN11
HGNC:9644	PTPN11	griffin2023_supp3_denovo	griffin2023	1	Griffin_2023_Supp_Table_3_Curated_De_Novo Variants.csv	PTPN11
HGNC:9644	PTPN11	sierant_dominant60	sierant2025	1	Sierant dominant 60	PTPN11
HGNC:9644	PTPN11	gencc_clingen_submitter_2026_08_10	gencc2022	1	GenCC_data_Aug10_2026	PTPN11
HGNC:9644	PTPN11	clingen_dosage_gene_2026_08_10	clingen_dosage	1	ClinGen_Dosage_GENE-only_10Aug26.csv	PTPN11
HGNC:5181	HRG	griffin2023_supp1_candidates	griffin2023	1	Griffin_2023_Supp_Table_1_All_Candidate_Genes.csv	HRG
HGNC:5181	HRG	gencc_clingen_submitter_2026_08_10	gencc2022	1	GenCC_data_Aug10_2026	HRG
HGNC:10477	RXRA	griffin2023_supp1_candidates	griffin2023	1	Griffin_2023_Supp_Table_1_All_Candidate_Genes.csv	RXRA
HGNC:10477	RXRA	griffin2023_supp2_curated	griffin2023	1	Griffin_2023_Supp_Table_2_All_Curated_Genes.csv	RXRA
HGNC:10477	RXRA	griffin2023_curated_not_final	griffin2023	1	Griffin_2023_fully_curated_not_final_n196.csv	RXRA
HGNC:6347	KLF2	sierant_dominant60	sierant2025	1	Sierant dominant 60	KLF2
HGNC:30497	KIF7	griffin2023_supp1_candidates	griffin2023	1	Griffin_2023_Supp_Table_1_All_Candidate_Genes.csv	KIF7
HGNC:30497	KIF7	dong_recessive108	dong2025	1	Dong recessive 108	KIF7
HGNC:30497	KIF7	clingen_dosage_gene_2026_08_10	clingen_dosage	1	ClinGen_Dosage_GENE-only_10Aug26.csv	KIF7
HGNC:2488	NKX2-5	chdgene_2026_08_10	chdgene	1	CHDGENE_table_10Aug26.csv	NKX2-5
HGNC:2488	NKX2-5	griffin2023_table1_isolated	griffin2023	1	Griffin_2023_table1_isolated.csv	NKX2-5
HGNC:2488	NKX2-5	griffin2023_supp1_candidates	griffin2023	1	Griffin_2023_Supp_Table_1_All_Candidate_Genes.csv	NKX2-5
HGNC:2488	NKX2-5	griffin2023_supp2_curated	griffin2023	1	Griffin_2023_Supp_Table_2_All_Curated_Genes.csv	NKX2-5
HGNC:2488	NKX2-5	griffin2023_supp4_lof	griffin2023	1	Griffin_2023_Supp_Table_4_Curated_LoF_Variants.csv	NKX2-5
HGNC:2488	NKX2-5	sierant_dominant60	sierant2025	1	Sierant dominant 60	NKX2-5
HGNC:2488	NKX2-5	gencc_clingen_submitter_2026_08_10	gencc2022	1	GenCC_data_Aug10_2026	NKX2-5
HGNC:2488	NKX2-5	clingen_dosage_gene_2026_08_10	clingen_dosage	1	ClinGen_Dosage_GENE-only_10Aug26.csv	NKX2-5
HGNC:7809	NGFR	sierant_dominant60	sierant2025	1	Sierant dominant 60	NGFR
HGNC:7559	MYCN	griffin2023_supp1_candidates	griffin2023	1	Griffin_2023_Supp_Table_1_All_Candidate_Genes.csv	MYCN
HGNC:7559	MYCN	griffin2023_supp2_curated	griffin2023	1	Griffin_2023_Supp_Table_2_All_Curated_Genes.csv	MYCN
HGNC:7559	MYCN	griffin2023_curated_not_final	griffin2023	1	Griffin_2023_fully_curated_not_final_n196.csv	MYCN
HGNC:7559	MYCN	gencc_clingen_submitter_2026_08_10	gencc2022	1	GenCC_data_Aug10_2026	MYCN
HGNC:7559	MYCN	clingen_dosage_gene_2026_08_10	clingen_dosage	1	ClinGen_Dosage_GENE-only_10Aug26.csv	MYCN
HGNC:9388	PRKAR1A	griffin2023_supp1_candidates	griffin2023	1	Griffin_2023_Supp_Table_1_All_Candidate_Genes.csv	PRKAR1A
HGNC:9388	PRKAR1A	griffin2023_supp2_curated	griffin2023	1	Griffin_2023_Supp_Table_2_All_Curated_Genes.csv	PRKAR1A
HGNC:9388	PRKAR1A	griffin2023_curated_not_final	griffin2023	1	Griffin_2023_fully_curated_not_final_n196.csv	PRKAR1A
HGNC:9388	PRKAR1A	clingen_dosage_gene_2026_08_10	clingen_dosage	1	ClinGen_Dosage_GENE-only_10Aug26.csv	PRKAR1A
HGNC:12665	VCL	griffin2023_supp1_candidates	griffin2023	1	Griffin_2023_Supp_Table_1_All_Candidate_Genes.csv	VCL
HGNC:12665	VCL	griffin2023_supp2_curated	griffin2023	1	Griffin_2023_Supp_Table_2_All_Curated_Genes.csv	VCL
HGNC:12665	VCL	griffin2023_curated_not_final	griffin2023	1	Griffin_2023_fully_curated_not_final_n196.csv	VCL
HGNC:12665	VCL	gencc_clingen_submitter_2026_08_10	gencc2022	1	GenCC_data_Aug10_2026	VCL
HGNC:29659	MESP2	griffin2023_supp1_candidates	griffin2023	1	Griffin_2023_Supp_Table_1_All_Candidate_Genes.csv	MESP2
HGNC:25583	ODAD2	griffin2023_supp1_candidates	griffin2023	1	Griffin_2023_Supp_Table_1_All_Candidate_Genes.csv	ARMC4
HGNC:25583	ODAD2	dong_recessive108	dong2025	1	Dong recessive 108	ARMC4
HGNC:25583	ODAD2	dong_observed_recessive23	dong2025	1	Dong observed recessive 23	ARMC4
HGNC:6697	LRP5	griffin2023_supp1_candidates	griffin2023	1	Griffin_2023_Supp_Table_1_All_Candidate_Genes.csv	LRP5
HGNC:6697	LRP5	clingen_dosage_gene_2026_08_10	clingen_dosage	1	ClinGen_Dosage_GENE-only_10Aug26.csv	LRP5
HGNC:15924	SALL4	chdgene_2026_08_10	chdgene	1	CHDGENE_table_10Aug26.csv	SALL4
HGNC:15924	SALL4	griffin2023_supp1_candidates	griffin2023	1	Griffin_2023_Supp_Table_1_All_Candidate_Genes.csv	SALL4
HGNC:15924	SALL4	griffin2023_supp2_curated	griffin2023	1	Griffin_2023_Supp_Table_2_All_Curated_Genes.csv	SALL4
HGNC:15924	SALL4	griffin2023_curated_not_final	griffin2023	1	Griffin_2023_fully_curated_not_final_n196.csv	SALL4
HGNC:15924	SALL4	clingen_dosage_gene_2026_08_10	clingen_dosage	1	ClinGen_Dosage_GENE-only_10Aug26.csv	SALL4
HGNC:8803	PDGFRA	griffin2023_supp1_candidates	griffin2023	1	Griffin_2023_Supp_Table_1_All_Candidate_Genes.csv	PDGFRA
HGNC:8803	PDGFRA	griffin2023_supp2_curated	griffin2023	1	Griffin_2023_Supp_Table_2_All_Curated_Genes.csv	PDGFRA
HGNC:8803	PDGFRA	griffin2023_curated_not_final	griffin2023	1	Griffin_2023_fully_curated_not_final_n196.csv	PDGFRA
HGNC:8803	PDGFRA	dong_recessive108	dong2025	1	Dong recessive 108	PDGFRA
HGNC:8803	PDGFRA	gencc_clingen_submitter_2026_08_10	gencc2022	1	GenCC_data_Aug10_2026	PDGFRA
HGNC:8803	PDGFRA	clingen_dosage_gene_2026_08_10	clingen_dosage	1	ClinGen_Dosage_GENE-only_10Aug26.csv	PDGFRA
HGNC:15979	TP63	griffin2023_supp1_candidates	griffin2023	1	Griffin_2023_Supp_Table_1_All_Candidate_Genes.csv	TP63
HGNC:15979	TP63	gencc_clingen_submitter_2026_08_10	gencc2022	1	GenCC_data_Aug10_2026	TP63
HGNC:15979	TP63	clingen_dosage_gene_2026_08_10	clingen_dosage	1	ClinGen_Dosage_GENE-only_10Aug26.csv	TP63
HGNC:7568	MYH10	griffin2023_supp1_candidates	griffin2023	1	Griffin_2023_Supp_Table_1_All_Candidate_Genes.csv	MYH10
HGNC:7568	MYH10	gencc_clingen_submitter_2026_08_10	gencc2022	1	GenCC_data_Aug10_2026	MYH10
HGNC:7568	MYH10	clingen_dosage_gene_2026_08_10	clingen_dosage	1	ClinGen_Dosage_GENE-only_10Aug26.csv	MYH10
HGNC:4451	GPC3	chdgene_2026_08_10	chdgene	1	CHDGENE_table_10Aug26.csv	GPC3
HGNC:4451	GPC3	griffin2023_supp1_candidates	griffin2023	1	Griffin_2023_Supp_Table_1_All_Candidate_Genes.csv	GPC3
HGNC:4451	GPC3	griffin2023_supp2_curated	griffin2023	1	Griffin_2023_Supp_Table_2_All_Curated_Genes.csv	GPC3
HGNC:4451	GPC3	griffin2023_curated_not_final	griffin2023	1	Griffin_2023_fully_curated_not_final_n196.csv	GPC3
HGNC:4451	GPC3	gencc_clingen_submitter_2026_08_10	gencc2022	1	GenCC_data_Aug10_2026	GPC3
HGNC:4451	GPC3	clingen_dosage_gene_2026_08_10	clingen_dosage	1	ClinGen_Dosage_GENE-only_10Aug26.csv	GPC3
HGNC:11470	SUPT6H	griffin2023_supp1_candidates	griffin2023	1	Griffin_2023_Supp_Table_1_All_Candidate_Genes.csv	SUPT6H
HGNC:7392	MSX2	griffin2023_supp1_candidates	griffin2023	1	Griffin_2023_Supp_Table_1_All_Candidate_Genes.csv	MSX2
HGNC:7392	MSX2	griffin2023_supp2_curated	griffin2023	1	Griffin_2023_Supp_Table_2_All_Curated_Genes.csv	MSX2
HGNC:7392	MSX2	griffin2023_curated_not_final	griffin2023	1	Griffin_2023_fully_curated_not_final_n196.csv	MSX2
HGNC:7392	MSX2	gencc_clingen_submitter_2026_08_10	gencc2022	1	GenCC_data_Aug10_2026	MSX2
HGNC:7392	MSX2	clingen_dosage_gene_2026_08_10	clingen_dosage	1	ClinGen_Dosage_GENE-only_10Aug26.csv	MSX2
HGNC:10397	RPS17	griffin2023_supp1_candidates	griffin2023	1	Griffin_2023_Supp_Table_1_All_Candidate_Genes.csv	RPS17
HGNC:10397	RPS17	griffin2023_supp2_curated	griffin2023	1	Griffin_2023_Supp_Table_2_All_Curated_Genes.csv	RPS17
HGNC:10397	RPS17	griffin2023_curated_not_final	griffin2023	1	Griffin_2023_fully_curated_not_final_n196.csv	RPS17
HGNC:10397	RPS17	clingen_dosage_gene_2026_08_10	clingen_dosage	1	ClinGen_Dosage_GENE-only_10Aug26.csv	RPS17
HGNC:6742	LZTR1	chdgene_2026_08_10	chdgene	1	CHDGENE_table_10Aug26.csv	LZTR1
HGNC:6742	LZTR1	sierant_dominant60	sierant2025	1	Sierant dominant 60	LZTR1
HGNC:6742	LZTR1	dong_recessive108	dong2025	1	Dong recessive 108	LZTR1
HGNC:6742	LZTR1	dong_observed_recessive23	dong2025	1	Dong observed recessive 23	LZTR1
HGNC:6742	LZTR1	gencc_clingen_submitter_2026_08_10	gencc2022	1	GenCC_data_Aug10_2026	LZTR1
HGNC:9811	RAD21	chdgene_2026_08_10	chdgene	1	CHDGENE_table_10Aug26.csv	RAD21
HGNC:9811	RAD21	griffin2023_supp1_candidates	griffin2023	1	Griffin_2023_Supp_Table_1_All_Candidate_Genes.csv	RAD21
HGNC:9811	RAD21	griffin2023_supp2_curated	griffin2023	1	Griffin_2023_Supp_Table_2_All_Curated_Genes.csv	RAD21
HGNC:9811	RAD21	griffin2023_curated_not_final	griffin2023	1	Griffin_2023_fully_curated_not_final_n196.csv	RAD21
HGNC:9811	RAD21	gencc_clingen_submitter_2026_08_10	gencc2022	1	GenCC_data_Aug10_2026	RAD21
HGNC:9811	RAD21	clingen_dosage_gene_2026_08_10	clingen_dosage	1	ClinGen_Dosage_GENE-only_10Aug26.csv	RAD21
HGNC:14067	HDAC7	sierant_dominant60	sierant2025	1	Sierant dominant 60	HDAC7
HGNC:8858	PEX3	griffin2023_supp1_candidates	griffin2023	1	Griffin_2023_Supp_Table_1_All_Candidate_Genes.csv	PEX3
HGNC:8858	PEX3	clingen_dosage_gene_2026_08_10	clingen_dosage	1	ClinGen_Dosage_GENE-only_10Aug26.csv	PEX3
HGNC:10023	RIT1	chdgene_2026_08_10	chdgene	1	CHDGENE_table_10Aug26.csv	RIT1
HGNC:10023	RIT1	griffin2023_table1_syndromic	griffin2023	1	Griffin_2023_table1_syndromic.csv	RIT1
HGNC:10023	RIT1	griffin2023_supp1_candidates	griffin2023	1	Griffin_2023_Supp_Table_1_All_Candidate_Genes.csv	RIT1
HGNC:10023	RIT1	griffin2023_supp2_curated	griffin2023	1	Griffin_2023_Supp_Table_2_All_Curated_Genes.csv	RIT1
HGNC:10023	RIT1	griffin2023_supp3_denovo	griffin2023	1	Griffin_2023_Supp_Table_3_Curated_De_Novo Variants.csv	RIT1
HGNC:10023	RIT1	sierant_dominant60	sierant2025	1	Sierant dominant 60	RIT1
HGNC:10023	RIT1	gencc_clingen_submitter_2026_08_10	gencc2022	1	GenCC_data_Aug10_2026	RIT1
HGNC:10023	RIT1	clingen_dosage_gene_2026_08_10	clingen_dosage	1	ClinGen_Dosage_GENE-only_10Aug26.csv	RIT1
HGNC:22962	MED13L	chdgene_2026_08_10	chdgene	1	CHDGENE_table_10Aug26.csv	MED13L
HGNC:22962	MED13L	griffin2023_supp1_candidates	griffin2023	1	Griffin_2023_Supp_Table_1_All_Candidate_Genes.csv	MED13L
HGNC:22962	MED13L	griffin2023_supp2_curated	griffin2023	1	Griffin_2023_Supp_Table_2_All_Curated_Genes.csv	MED13L
HGNC:22962	MED13L	griffin2023_curated_not_final	griffin2023	1	Griffin_2023_fully_curated_not_final_n196.csv	MED13L
HGNC:22962	MED13L	gencc_clingen_submitter_2026_08_10	gencc2022	1	GenCC_data_Aug10_2026	MED13L
HGNC:22962	MED13L	clingen_dosage_gene_2026_08_10	clingen_dosage	1	ClinGen_Dosage_GENE-only_10Aug26.csv	MED13L
HGNC:6773	SMAD7	griffin2023_supp1_candidates	griffin2023	1	Griffin_2023_Supp_Table_1_All_Candidate_Genes.csv	SMAD7
HGNC:6773	SMAD7	griffin2023_supp2_curated	griffin2023	1	Griffin_2023_Supp_Table_2_All_Curated_Genes.csv	SMAD7
HGNC:6773	SMAD7	griffin2023_curated_not_final	griffin2023	1	Griffin_2023_fully_curated_not_final_n196.csv	SMAD7
HGNC:6773	SMAD7	gencc_clingen_submitter_2026_08_10	gencc2022	1	GenCC_data_Aug10_2026	SMAD7
HGNC:11772	TGFBR1	chdgene_2026_08_10	chdgene	1	CHDGENE_table_10Aug26.csv	TGFBR1
HGNC:11772	TGFBR1	griffin2023_table1_syndromic	griffin2023	1	Griffin_2023_table1_syndromic.csv	TGFBR1
HGNC:11772	TGFBR1	griffin2023_supp1_candidates	griffin2023	1	Griffin_2023_Supp_Table_1_All_Candidate_Genes.csv	TGFBR1
HGNC:11772	TGFBR1	griffin2023_supp2_curated	griffin2023	1	Griffin_2023_Supp_Table_2_All_Curated_Genes.csv	TGFBR1
HGNC:11772	TGFBR1	gencc_clingen_submitter_2026_08_10	gencc2022	1	GenCC_data_Aug10_2026	TGFBR1
HGNC:11772	TGFBR1	clingen_dosage_gene_2026_08_10	clingen_dosage	1	ClinGen_Dosage_GENE-only_10Aug26.csv	TGFBR1
HGNC:951	NKX3-2	griffin2023_supp1_candidates	griffin2023	1	Griffin_2023_Supp_Table_1_All_Candidate_Genes.csv	NKX3-2
HGNC:951	NKX3-2	clingen_dosage_gene_2026_08_10	clingen_dosage	1	ClinGen_Dosage_GENE-only_10Aug26.csv	NKX3-2
HGNC:5321	HYAL2	chdgene_2026_08_10	chdgene	1	CHDGENE_table_10Aug26.csv	HYAL2
HGNC:7576	MYH6	chdgene_2026_08_10	chdgene	1	CHDGENE_table_10Aug26.csv	MYH6
HGNC:7576	MYH6	griffin2023_table1_isolated	griffin2023	1	Griffin_2023_table1_isolated.csv	MYH6
HGNC:7576	MYH6	griffin2023_supp1_candidates	griffin2023	1	Griffin_2023_Supp_Table_1_All_Candidate_Genes.csv	MYH6
HGNC:7576	MYH6	griffin2023_supp2_curated	griffin2023	1	Griffin_2023_Supp_Table_2_All_Curated_Genes.csv	MYH6
HGNC:7576	MYH6	griffin2023_supp3_denovo	griffin2023	1	Griffin_2023_Supp_Table_3_Curated_De_Novo Variants.csv	MYH6
HGNC:7576	MYH6	sierant_dominant60	sierant2025	1	Sierant dominant 60	MYH6
HGNC:7576	MYH6	dong_recessive108	dong2025	1	Dong recessive 108	MYH6
HGNC:7576	MYH6	dong_observed_recessive23	dong2025	1	Dong observed recessive 23	MYH6
HGNC:7576	MYH6	gencc_clingen_submitter_2026_08_10	gencc2022	1	GenCC_data_Aug10_2026	MYH6
HGNC:5104	HOXA3	griffin2023_supp1_candidates	griffin2023	1	Griffin_2023_Supp_Table_1_All_Candidate_Genes.csv	HOXA3
HGNC:6263	KCNJ2	griffin2023_supp1_candidates	griffin2023	1	Griffin_2023_Supp_Table_1_All_Candidate_Genes.csv	KCNJ2
HGNC:6263	KCNJ2	griffin2023_supp2_curated	griffin2023	1	Griffin_2023_Supp_Table_2_All_Curated_Genes.csv	KCNJ2
HGNC:6263	KCNJ2	griffin2023_curated_not_final	griffin2023	1	Griffin_2023_fully_curated_not_final_n196.csv	KCNJ2
HGNC:6263	KCNJ2	gencc_clingen_submitter_2026_08_10	gencc2022	1	GenCC_data_Aug10_2026	KCNJ2
HGNC:4807	HAND1	chdgene_2026_08_10	chdgene	1	CHDGENE_table_10Aug26.csv	HAND1
HGNC:4807	HAND1	griffin2023_table1_isolated	griffin2023	1	Griffin_2023_table1_isolated.csv	HAND1
HGNC:4807	HAND1	griffin2023_supp1_candidates	griffin2023	1	Griffin_2023_Supp_Table_1_All_Candidate_Genes.csv	HAND1
HGNC:4807	HAND1	griffin2023_supp2_curated	griffin2023	1	Griffin_2023_Supp_Table_2_All_Curated_Genes.csv	HAND1
HGNC:4807	HAND1	gencc_clingen_submitter_2026_08_10	gencc2022	1	GenCC_data_Aug10_2026	HAND1
HGNC:11117	SMN1	dong_recessive108	dong2025	1	Dong recessive 108	SMN1
HGNC:16259	MAML2	griffin2023_supp1_candidates	griffin2023	1	Griffin_2023_Supp_Table_1_All_Candidate_Genes.csv	MAML2
HGNC:16259	MAML2	griffin2023_supp2_curated	griffin2023	1	Griffin_2023_Supp_Table_2_All_Curated_Genes.csv	MAML2
HGNC:16259	MAML2	griffin2023_curated_not_final	griffin2023	1	Griffin_2023_fully_curated_not_final_n196.csv	MAML2
HGNC:16259	MAML2	gencc_clingen_submitter_2026_08_10	gencc2022	1	GenCC_data_Aug10_2026	MAML2
HGNC:16808	UBR1	chdgene_2026_08_10	chdgene	1	CHDGENE_table_10Aug26.csv	UBR1
HGNC:16808	UBR1	griffin2023_table1_syndromic	griffin2023	1	Griffin_2023_table1_syndromic.csv	UBR1
HGNC:16808	UBR1	griffin2023_supp1_candidates	griffin2023	1	Griffin_2023_Supp_Table_1_All_Candidate_Genes.csv	UBR1
HGNC:16808	UBR1	griffin2023_supp2_curated	griffin2023	1	Griffin_2023_Supp_Table_2_All_Curated_Genes.csv	UBR1
HGNC:16808	UBR1	gencc_clingen_submitter_2026_08_10	gencc2022	1	GenCC_data_Aug10_2026	UBR1
HGNC:16808	UBR1	clingen_dosage_gene_2026_08_10	clingen_dosage	1	ClinGen_Dosage_GENE-only_10Aug26.csv	UBR1
HGNC:9949	RECQL4	griffin2023_table1_syndromic	griffin2023	1	Griffin_2023_table1_syndromic.csv	RECQL4
HGNC:9949	RECQL4	griffin2023_supp1_candidates	griffin2023	1	Griffin_2023_Supp_Table_1_All_Candidate_Genes.csv	RECQL4
HGNC:9949	RECQL4	griffin2023_supp2_curated	griffin2023	1	Griffin_2023_Supp_Table_2_All_Curated_Genes.csv	RECQL4
HGNC:11291	SRF	griffin2023_supp1_candidates	griffin2023	1	Griffin_2023_Supp_Table_1_All_Candidate_Genes.csv	SRF
HGNC:11291	SRF	gencc_clingen_submitter_2026_08_10	gencc2022	1	GenCC_data_Aug10_2026	SRF
HGNC:8918	PHEX	griffin2023_supp1_candidates	griffin2023	1	Griffin_2023_Supp_Table_1_All_Candidate_Genes.csv	PHEX
HGNC:8918	PHEX	clingen_dosage_gene_2026_08_10	clingen_dosage	1	ClinGen_Dosage_GENE-only_10Aug26.csv	PHEX
HGNC:19412	ZMYND10	chdgene_2026_08_10	chdgene	1	CHDGENE_table_10Aug26.csv	ZMYND10
HGNC:19412	ZMYND10	griffin2023_supp1_candidates	griffin2023	1	Griffin_2023_Supp_Table_1_All_Candidate_Genes.csv	ZMYND10
HGNC:19412	ZMYND10	dong_recessive108	dong2025	1	Dong recessive 108	ZMYND10
HGNC:19412	ZMYND10	gencc_clingen_submitter_2026_08_10	gencc2022	1	GenCC_data_Aug10_2026	ZMYND10
HGNC:7183	MNDA	griffin2023_supp1_candidates	griffin2023	1	Griffin_2023_Supp_Table_1_All_Candidate_Genes.csv	MNDA
HGNC:11183	SON	chdgene_2026_08_10	chdgene	1	CHDGENE_table_10Aug26.csv	SON
HGNC:11183	SON	griffin2023_table1_syndromic	griffin2023	1	Griffin_2023_table1_syndromic.csv	SON
HGNC:11183	SON	griffin2023_supp1_candidates	griffin2023	1	Griffin_2023_Supp_Table_1_All_Candidate_Genes.csv	SON
HGNC:11183	SON	griffin2023_supp2_curated	griffin2023	1	Griffin_2023_Supp_Table_2_All_Curated_Genes.csv	SON
HGNC:11183	SON	clingen_dosage_gene_2026_08_10	clingen_dosage	1	ClinGen_Dosage_GENE-only_10Aug26.csv	SON
HGNC:18179	VPS33A	dong_recessive108	dong2025	1	Dong recessive 108	VPS33A
HGNC:18179	VPS33A	gencc_clingen_submitter_2026_08_10	gencc2022	1	GenCC_data_Aug10_2026	VPS33A
HGNC:30412	SETD7	griffin2023_supp1_candidates	griffin2023	1	Griffin_2023_Supp_Table_1_All_Candidate_Genes.csv	SETD7
HGNC:18510	GPRC6A	griffin2023_supp1_candidates	griffin2023	1	Griffin_2023_Supp_Table_1_All_Candidate_Genes.csv	GPRC6A
HGNC:11195	SOX2	griffin2023_supp1_candidates	griffin2023	1	Griffin_2023_Supp_Table_1_All_Candidate_Genes.csv	SOX2
HGNC:11195	SOX2	clingen_dosage_gene_2026_08_10	clingen_dosage	1	ClinGen_Dosage_GENE-only_10Aug26.csv	SOX2
HGNC:9081	PLOD1	griffin2023_supp1_candidates	griffin2023	1	Griffin_2023_Supp_Table_1_All_Candidate_Genes.csv	PLOD1
HGNC:9081	PLOD1	clingen_dosage_gene_2026_08_10	clingen_dosage	1	ClinGen_Dosage_GENE-only_10Aug26.csv	PLOD1
HGNC:6132	ISL1	griffin2023_supp1_candidates	griffin2023	1	Griffin_2023_Supp_Table_1_All_Candidate_Genes.csv	ISL1
HGNC:6132	ISL1	griffin2023_supp2_curated	griffin2023	1	Griffin_2023_Supp_Table_2_All_Curated_Genes.csv	ISL1
HGNC:6132	ISL1	griffin2023_curated_not_final	griffin2023	1	Griffin_2023_fully_curated_not_final_n196.csv	ISL1
HGNC:6132	ISL1	gencc_clingen_submitter_2026_08_10	gencc2022	1	GenCC_data_Aug10_2026	ISL1
HGNC:10896	SKI	griffin2023_supp1_candidates	griffin2023	1	Griffin_2023_Supp_Table_1_All_Candidate_Genes.csv	SKI
HGNC:10896	SKI	griffin2023_supp2_curated	griffin2023	1	Griffin_2023_Supp_Table_2_All_Curated_Genes.csv	SKI
HGNC:10896	SKI	griffin2023_curated_not_final	griffin2023	1	Griffin_2023_fully_curated_not_final_n196.csv	SKI
HGNC:10896	SKI	gencc_clingen_submitter_2026_08_10	gencc2022	1	GenCC_data_Aug10_2026	SKI
HGNC:10896	SKI	clingen_dosage_gene_2026_08_10	clingen_dosage	1	ClinGen_Dosage_GENE-only_10Aug26.csv	SKI
HGNC:9407	PRKD1	chdgene_2026_08_10	chdgene	1	CHDGENE_table_10Aug26.csv	PRKD1
HGNC:9407	PRKD1	griffin2023_supp1_candidates	griffin2023	1	Griffin_2023_Supp_Table_1_All_Candidate_Genes.csv	PRKD1
HGNC:9407	PRKD1	griffin2023_supp2_curated	griffin2023	1	Griffin_2023_Supp_Table_2_All_Curated_Genes.csv	PRKD1
HGNC:9407	PRKD1	griffin2023_curated_not_final	griffin2023	1	Griffin_2023_fully_curated_not_final_n196.csv	PRKD1
HGNC:9407	PRKD1	gencc_clingen_submitter_2026_08_10	gencc2022	1	GenCC_data_Aug10_2026	PRKD1
HGNC:9407	PRKD1	clingen_dosage_gene_2026_08_10	clingen_dosage	1	ClinGen_Dosage_GENE-only_10Aug26.csv	PRKD1
HGNC:3122	LEFTY2	griffin2023_supp1_candidates	griffin2023	1	Griffin_2023_Supp_Table_1_All_Candidate_Genes.csv	LEFTY2
HGNC:3122	LEFTY2	griffin2023_supp2_curated	griffin2023	1	Griffin_2023_Supp_Table_2_All_Curated_Genes.csv	LEFTY2
HGNC:3122	LEFTY2	griffin2023_curated_not_final	griffin2023	1	Griffin_2023_fully_curated_not_final_n196.csv	LEFTY2
HGNC:10727	SEMA3E	griffin2023_supp1_candidates	griffin2023	1	Griffin_2023_Supp_Table_1_All_Candidate_Genes.csv	SEMA3E
HGNC:10727	SEMA3E	griffin2023_supp2_curated	griffin2023	1	Griffin_2023_Supp_Table_2_All_Curated_Genes.csv	SEMA3E
HGNC:10727	SEMA3E	griffin2023_curated_not_final	griffin2023	1	Griffin_2023_fully_curated_not_final_n196.csv	SEMA3E
HGNC:7985	NR6A1	sierant_dominant60	sierant2025	1	Sierant dominant 60	NR6A1
HGNC:28484	METTL16	griffin2023_supp1_candidates	griffin2023	1	Griffin_2023_Supp_Table_1_All_Candidate_Genes.csv	METTL16
HGNC:29658	MESP1	chdgene_2026_08_10	chdgene	1	CHDGENE_table_10Aug26.csv	MESP1
HGNC:29658	MESP1	griffin2023_supp1_candidates	griffin2023	1	Griffin_2023_Supp_Table_1_All_Candidate_Genes.csv	MESP1
HGNC:29658	MESP1	griffin2023_supp2_curated	griffin2023	1	Griffin_2023_Supp_Table_2_All_Curated_Genes.csv	MESP1
HGNC:29658	MESP1	griffin2023_curated_not_final	griffin2023	1	Griffin_2023_fully_curated_not_final_n196.csv	MESP1
HGNC:29658	MESP1	gencc_clingen_submitter_2026_08_10	gencc2022	1	GenCC_data_Aug10_2026	MESP1
HGNC:9965	RERE	chdgene_2026_08_10	chdgene	1	CHDGENE_table_10Aug26.csv	RERE
HGNC:9965	RERE	clingen_dosage_gene_2026_08_10	clingen_dosage	1	ClinGen_Dosage_GENE-only_10Aug26.csv	RERE
HGNC:9067	PLD1	chdgene_2026_08_10	chdgene	1	CHDGENE_table_10Aug26.csv	PLD1
HGNC:9067	PLD1	dong_recessive108	dong2025	1	Dong recessive 108	PLD1
HGNC:9067	PLD1	dong_observed_recessive23	dong2025	1	Dong observed recessive 23	PLD1
HGNC:11957	MED12	chdgene_2026_08_10	chdgene	1	CHDGENE_table_10Aug26.csv	MED12
HGNC:11957	MED12	griffin2023_supp1_candidates	griffin2023	1	Griffin_2023_Supp_Table_1_All_Candidate_Genes.csv	MED12
HGNC:11957	MED12	clingen_dosage_gene_2026_08_10	clingen_dosage	1	ClinGen_Dosage_GENE-only_10Aug26.csv	MED12
HGNC:9829	RAF1	chdgene_2026_08_10	chdgene	1	CHDGENE_table_10Aug26.csv	RAF1
HGNC:9829	RAF1	griffin2023_table1_syndromic	griffin2023	1	Griffin_2023_table1_syndromic.csv	RAF1
HGNC:9829	RAF1	griffin2023_supp1_candidates	griffin2023	1	Griffin_2023_Supp_Table_1_All_Candidate_Genes.csv	RAF1
HGNC:9829	RAF1	griffin2023_supp2_curated	griffin2023	1	Griffin_2023_Supp_Table_2_All_Curated_Genes.csv	RAF1
HGNC:9829	RAF1	griffin2023_supp3_denovo	griffin2023	1	Griffin_2023_Supp_Table_3_Curated_De_Novo Variants.csv	RAF1
HGNC:9829	RAF1	sierant_dominant60	sierant2025	1	Sierant dominant 60	RAF1
HGNC:9829	RAF1	gencc_clingen_submitter_2026_08_10	gencc2022	1	GenCC_data_Aug10_2026	RAF1
HGNC:9829	RAF1	clingen_dosage_gene_2026_08_10	clingen_dosage	1	ClinGen_Dosage_GENE-only_10Aug26.csv	RAF1
HGNC:9379	PRKAB2	griffin2023_supp1_candidates	griffin2023	1	Griffin_2023_Supp_Table_1_All_Candidate_Genes.csv	PRKAB2
HGNC:9379	PRKAB2	griffin2023_supp2_curated	griffin2023	1	Griffin_2023_Supp_Table_2_All_Curated_Genes.csv	PRKAB2
HGNC:9379	PRKAB2	griffin2023_curated_not_final	griffin2023	1	Griffin_2023_fully_curated_not_final_n196.csv	PRKAB2
HGNC:9379	PRKAB2	gencc_clingen_submitter_2026_08_10	gencc2022	1	GenCC_data_Aug10_2026	PRKAB2
HGNC:29242	SH3PXD2B	griffin2023_supp1_candidates	griffin2023	1	Griffin_2023_Supp_Table_1_All_Candidate_Genes.csv	SH3PXD2B
HGNC:29242	SH3PXD2B	griffin2023_supp2_curated	griffin2023	1	Griffin_2023_Supp_Table_2_All_Curated_Genes.csv	SH3PXD2B
HGNC:29242	SH3PXD2B	griffin2023_curated_not_final	griffin2023	1	Griffin_2023_fully_curated_not_final_n196.csv	SH3PXD2B
HGNC:29242	SH3PXD2B	dong_recessive108	dong2025	1	Dong recessive 108	SH3PXD2B
HGNC:13994	PRDM9	griffin2023_supp1_candidates	griffin2023	1	Griffin_2023_Supp_Table_1_All_Candidate_Genes.csv	PRDM9
HGNC:1181	MYRF	sierant_dominant60	sierant2025	1	Sierant dominant 60	MYRF
HGNC:8004	NRP1	griffin2023_supp1_candidates	griffin2023	1	Griffin_2023_Supp_Table_1_All_Candidate_Genes.csv	NRP1
HGNC:8004	NRP1	griffin2023_supp2_curated	griffin2023	1	Griffin_2023_Supp_Table_2_All_Curated_Genes.csv	NRP1
HGNC:8004	NRP1	griffin2023_curated_not_final	griffin2023	1	Griffin_2023_fully_curated_not_final_n196.csv	NRP1
HGNC:8004	NRP1	gencc_clingen_submitter_2026_08_10	gencc2022	1	GenCC_data_Aug10_2026	NRP1
HGNC:17722	SPRED2	chdgene_2026_08_10	chdgene	1	CHDGENE_table_10Aug26.csv	SPRED2
HGNC:4880	HEY1	griffin2023_supp1_candidates	griffin2023	1	Griffin_2023_Supp_Table_1_All_Candidate_Genes.csv	HEY1
HGNC:4880	HEY1	griffin2023_supp2_curated	griffin2023	1	Griffin_2023_Supp_Table_2_All_Curated_Genes.csv	HEY1
HGNC:4880	HEY1	griffin2023_curated_not_final	griffin2023	1	Griffin_2023_fully_curated_not_final_n196.csv	HEY1
HGNC:4880	HEY1	gencc_clingen_submitter_2026_08_10	gencc2022	1	GenCC_data_Aug10_2026	HEY1
HGNC:11114	KDM5C	griffin2023_supp1_candidates	griffin2023	1	Griffin_2023_Supp_Table_1_All_Candidate_Genes.csv	KDM5C
HGNC:11114	KDM5C	clingen_dosage_gene_2026_08_10	clingen_dosage	1	ClinGen_Dosage_GENE-only_10Aug26.csv	KDM5C
HGNC:5099	HOXA1	griffin2023_table1_syndromic	griffin2023	1	Griffin_2023_table1_syndromic.csv	HOXA1
HGNC:5099	HOXA1	griffin2023_supp1_candidates	griffin2023	1	Griffin_2023_Supp_Table_1_All_Candidate_Genes.csv	HOXA1
HGNC:5099	HOXA1	griffin2023_supp2_curated	griffin2023	1	Griffin_2023_Supp_Table_2_All_Curated_Genes.csv	HOXA1
HGNC:5099	HOXA1	dong_recessive108	dong2025	1	Dong recessive 108	HOXA1
HGNC:4819	HAS2	griffin2023_supp1_candidates	griffin2023	1	Griffin_2023_Supp_Table_1_All_Candidate_Genes.csv	HAS2
HGNC:4819	HAS2	griffin2023_supp2_curated	griffin2023	1	Griffin_2023_Supp_Table_2_All_Curated_Genes.csv	HAS2
HGNC:4819	HAS2	griffin2023_curated_not_final	griffin2023	1	Griffin_2023_fully_curated_not_final_n196.csv	HAS2
HGNC:5473	IGFBP4	griffin2023_supp1_candidates	griffin2023	1	Griffin_2023_Supp_Table_1_All_Candidate_Genes.csv	IGFBP4
HGNC:8859	PEX6	griffin2023_supp1_candidates	griffin2023	1	Griffin_2023_Supp_Table_1_All_Candidate_Genes.csv	PEX6
HGNC:8859	PEX6	gencc_clingen_submitter_2026_08_10	gencc2022	1	GenCC_data_Aug10_2026	PEX6
HGNC:30238	WLS	chdgene_2026_08_10	chdgene	1	CHDGENE_table_10Aug26.csv	WLS
HGNC:8061	NUMBL	griffin2023_supp1_candidates	griffin2023	1	Griffin_2023_Supp_Table_1_All_Candidate_Genes.csv	NUMBL
HGNC:16067	MYOCD	griffin2023_supp1_candidates	griffin2023	1	Griffin_2023_Supp_Table_1_All_Candidate_Genes.csv	MYOCD
HGNC:8651	PCBP3	sierant_dominant60	sierant2025	1	Sierant dominant 60	PCBP3
HGNC:8966	PIGL	chdgene_2026_08_10	chdgene	1	CHDGENE_table_10Aug26.csv	PIGL
HGNC:8966	PIGL	dong_recessive108	dong2025	1	Dong recessive 108	PIGL
HGNC:15573	SETBP1	griffin2023_supp1_candidates	griffin2023	1	Griffin_2023_Supp_Table_1_All_Candidate_Genes.csv	SETBP1
HGNC:15573	SETBP1	gencc_clingen_submitter_2026_08_10	gencc2022	1	GenCC_data_Aug10_2026	SETBP1
HGNC:15573	SETBP1	clingen_dosage_gene_2026_08_10	clingen_dosage	1	ClinGen_Dosage_GENE-only_10Aug26.csv	SETBP1
HGNC:7778	NFATC4	griffin2023_supp1_candidates	griffin2023	1	Griffin_2023_Supp_Table_1_All_Candidate_Genes.csv	NFATC4
HGNC:9588	PTEN	griffin2023_supp1_candidates	griffin2023	1	Griffin_2023_Supp_Table_1_All_Candidate_Genes.csv	PTEN
HGNC:9588	PTEN	griffin2023_supp2_curated	griffin2023	1	Griffin_2023_Supp_Table_2_All_Curated_Genes.csv	PTEN
HGNC:9588	PTEN	griffin2023_curated_not_final	griffin2023	1	Griffin_2023_fully_curated_not_final_n196.csv	PTEN
HGNC:9588	PTEN	sierant_dominant60	sierant2025	1	Sierant dominant 60	PTEN
HGNC:9588	PTEN	gencc_clingen_submitter_2026_08_10	gencc2022	1	GenCC_data_Aug10_2026	PTEN
HGNC:9588	PTEN	clingen_dosage_gene_2026_08_10	clingen_dosage	1	ClinGen_Dosage_GENE-only_10Aug26.csv	PTEN
HGNC:12874	ZIC3	chdgene_2026_08_10	chdgene	1	CHDGENE_table_10Aug26.csv	ZIC3
HGNC:12874	ZIC3	griffin2023_table1_syndromic	griffin2023	1	Griffin_2023_table1_syndromic.csv	ZIC3
HGNC:12874	ZIC3	griffin2023_supp1_candidates	griffin2023	1	Griffin_2023_Supp_Table_1_All_Candidate_Genes.csv	ZIC3
HGNC:12874	ZIC3	griffin2023_supp2_curated	griffin2023	1	Griffin_2023_Supp_Table_2_All_Curated_Genes.csv	ZIC3
HGNC:12874	ZIC3	sierant_dominant60	sierant2025	1	Sierant dominant 60	ZIC3
HGNC:12874	ZIC3	gencc_clingen_submitter_2026_08_10	gencc2022	1	GenCC_data_Aug10_2026	ZIC3
HGNC:12874	ZIC3	clingen_dosage_gene_2026_08_10	clingen_dosage	1	ClinGen_Dosage_GENE-only_10Aug26.csv	ZIC3
HGNC:11604	TBX5	chdgene_2026_08_10	chdgene	1	CHDGENE_table_10Aug26.csv	TBX5
HGNC:11604	TBX5	griffin2023_table1_syndromic	griffin2023	1	Griffin_2023_table1_syndromic.csv	TBX5
HGNC:11604	TBX5	griffin2023_supp1_candidates	griffin2023	1	Griffin_2023_Supp_Table_1_All_Candidate_Genes.csv	TBX5
HGNC:11604	TBX5	griffin2023_supp2_curated	griffin2023	1	Griffin_2023_Supp_Table_2_All_Curated_Genes.csv	TBX5
HGNC:11604	TBX5	griffin2023_supp3_denovo	griffin2023	1	Griffin_2023_Supp_Table_3_Curated_De_Novo Variants.csv	TBX5
HGNC:11604	TBX5	griffin2023_supp4_lof	griffin2023	1	Griffin_2023_Supp_Table_4_Curated_LoF_Variants.csv	TBX5
HGNC:11604	TBX5	sierant_dominant60	sierant2025	1	Sierant dominant 60	TBX5
HGNC:11604	TBX5	gencc_clingen_submitter_2026_08_10	gencc2022	1	GenCC_data_Aug10_2026	TBX5
HGNC:11604	TBX5	clingen_dosage_gene_2026_08_10	clingen_dosage	1	ClinGen_Dosage_GENE-only_10Aug26.csv	TBX5
HGNC:7133	KMT2D	chdgene_2026_08_10	chdgene	1	CHDGENE_table_10Aug26.csv	KMT2D
HGNC:7133	KMT2D	griffin2023_table1_syndromic	griffin2023	1	Griffin_2023_table1_syndromic.csv	KMT2D
HGNC:7133	KMT2D	griffin2023_supp1_candidates	griffin2023	1	Griffin_2023_Supp_Table_1_All_Candidate_Genes.csv	KMT2D
HGNC:7133	KMT2D	griffin2023_supp2_curated	griffin2023	1	Griffin_2023_Supp_Table_2_All_Curated_Genes.csv	KMT2D
HGNC:7133	KMT2D	griffin2023_supp3_denovo	griffin2023	1	Griffin_2023_Supp_Table_3_Curated_De_Novo Variants.csv	KMT2D
HGNC:7133	KMT2D	griffin2023_supp4_lof	griffin2023	1	Griffin_2023_Supp_Table_4_Curated_LoF_Variants.csv	KMT2D
HGNC:7133	KMT2D	sierant_dominant60	sierant2025	1	Sierant dominant 60	KMT2D
HGNC:7133	KMT2D	gencc_clingen_submitter_2026_08_10	gencc2022	1	GenCC_data_Aug10_2026	KMT2D
HGNC:7133	KMT2D	clingen_dosage_gene_2026_08_10	clingen_dosage	1	ClinGen_Dosage_GENE-only_10Aug26.csv	KMT2D
HGNC:6772	SMAD6	chdgene_2026_08_10	chdgene	1	CHDGENE_table_10Aug26.csv	SMAD6
HGNC:6772	SMAD6	griffin2023_table1_isolated	griffin2023	1	Griffin_2023_table1_isolated.csv	SMAD6
HGNC:6772	SMAD6	griffin2023_supp1_candidates	griffin2023	1	Griffin_2023_Supp_Table_1_All_Candidate_Genes.csv	SMAD6
HGNC:6772	SMAD6	griffin2023_supp2_curated	griffin2023	1	Griffin_2023_Supp_Table_2_All_Curated_Genes.csv	SMAD6
HGNC:6772	SMAD6	griffin2023_supp4_lof	griffin2023	1	Griffin_2023_Supp_Table_4_Curated_LoF_Variants.csv	SMAD6
HGNC:6772	SMAD6	sierant_dominant60	sierant2025	1	Sierant dominant 60	SMAD6
HGNC:6772	SMAD6	gencc_clingen_submitter_2026_08_10	gencc2022	1	GenCC_data_Aug10_2026	SMAD6
HGNC:29262	IFT80	griffin2023_supp1_candidates	griffin2023	1	Griffin_2023_Supp_Table_1_All_Candidate_Genes.csv	IFT80
HGNC:29262	IFT80	gencc_clingen_submitter_2026_08_10	gencc2022	1	GenCC_data_Aug10_2026	IFT80
HGNC:11773	TGFBR2	chdgene_2026_08_10	chdgene	1	CHDGENE_table_10Aug26.csv	TGFBR2
HGNC:11773	TGFBR2	griffin2023_table1_syndromic	griffin2023	1	Griffin_2023_table1_syndromic.csv	TGFBR2
HGNC:11773	TGFBR2	griffin2023_supp1_candidates	griffin2023	1	Griffin_2023_Supp_Table_1_All_Candidate_Genes.csv	TGFBR2
HGNC:11773	TGFBR2	griffin2023_supp2_curated	griffin2023	1	Griffin_2023_Supp_Table_2_All_Curated_Genes.csv	TGFBR2
HGNC:11773	TGFBR2	griffin2023_supp3_denovo	griffin2023	1	Griffin_2023_Supp_Table_3_Curated_De_Novo Variants.csv	TGFBR2
HGNC:11773	TGFBR2	griffin2023_supp4_lof	griffin2023	1	Griffin_2023_Supp_Table_4_Curated_LoF_Variants.csv	TGFBR2
HGNC:11773	TGFBR2	gencc_clingen_submitter_2026_08_10	gencc2022	1	GenCC_data_Aug10_2026	TGFBR2
HGNC:11773	TGFBR2	clingen_dosage_gene_2026_08_10	clingen_dosage	1	ClinGen_Dosage_GENE-only_10Aug26.csv	TGFBR2
HGNC:29239	INTU	dong_recessive108	dong2025	1	Dong recessive 108	INTU
HGNC:29239	INTU	gencc_clingen_submitter_2026_08_10	gencc2022	1	GenCC_data_Aug10_2026	INTU
HGNC:16950	STAMBP	griffin2023_supp1_candidates	griffin2023	1	Griffin_2023_Supp_Table_1_All_Candidate_Genes.csv	STAMBP
HGNC:17075	TAB2	chdgene_2026_08_10	chdgene	1	CHDGENE_table_10Aug26.csv	TAB2
HGNC:17075	TAB2	griffin2023_table1_isolated	griffin2023	1	Griffin_2023_table1_isolated.csv	TAB2
HGNC:17075	TAB2	griffin2023_supp1_candidates	griffin2023	1	Griffin_2023_Supp_Table_1_All_Candidate_Genes.csv	TAB2
HGNC:17075	TAB2	griffin2023_supp2_curated	griffin2023	1	Griffin_2023_Supp_Table_2_All_Curated_Genes.csv	TAB2
HGNC:17075	TAB2	gencc_clingen_submitter_2026_08_10	gencc2022	1	GenCC_data_Aug10_2026	TAB2
HGNC:17075	TAB2	clingen_dosage_gene_2026_08_10	clingen_dosage	1	ClinGen_Dosage_GENE-only_10Aug26.csv	TAB2
HGNC:7551	MYBPC3	chdgene_2026_08_10	chdgene	1	CHDGENE_table_10Aug26.csv	MYBPC3
HGNC:7551	MYBPC3	griffin2023_supp1_candidates	griffin2023	1	Griffin_2023_Supp_Table_1_All_Candidate_Genes.csv	MYBPC3
HGNC:7551	MYBPC3	griffin2023_supp2_curated	griffin2023	1	Griffin_2023_Supp_Table_2_All_Curated_Genes.csv	MYBPC3
HGNC:7551	MYBPC3	griffin2023_curated_not_final	griffin2023	1	Griffin_2023_fully_curated_not_final_n196.csv	MYBPC3
HGNC:7551	MYBPC3	gencc_clingen_submitter_2026_08_10	gencc2022	1	GenCC_data_Aug10_2026	MYBPC3
HGNC:7551	MYBPC3	clingen_dosage_gene_2026_08_10	clingen_dosage	1	ClinGen_Dosage_GENE-only_10Aug26.csv	MYBPC3
HGNC:26558	HYLS1	dong_recessive108	dong2025	1	Dong recessive 108	HYLS1
HGNC:26558	HYLS1	clingen_dosage_gene_2026_08_10	clingen_dosage	1	ClinGen_Dosage_GENE-only_10Aug26.csv	HYLS1
HGNC:30855	U2SURP	sierant_dominant60	sierant2025	1	Sierant dominant 60	U2SURP
HGNC:13556	IFT122	griffin2023_supp1_candidates	griffin2023	1	Griffin_2023_Supp_Table_1_All_Candidate_Genes.csv	IFT122
HGNC:13556	IFT122	griffin2023_supp2_curated	griffin2023	1	Griffin_2023_Supp_Table_2_All_Curated_Genes.csv	IFT122
HGNC:13556	IFT122	griffin2023_curated_not_final	griffin2023	1	Griffin_2023_fully_curated_not_final_n196.csv	IFT122
HGNC:13556	IFT122	gencc_clingen_submitter_2026_08_10	gencc2022	1	GenCC_data_Aug10_2026	IFT122
HGNC:9273	PPL	sierant_dominant60	sierant2025	1	Sierant dominant 60	PPL
HGNC:6129	IRX4	griffin2023_supp1_candidates	griffin2023	1	Griffin_2023_Supp_Table_1_All_Candidate_Genes.csv	IRX4
HGNC:6129	IRX4	griffin2023_supp2_curated	griffin2023	1	Griffin_2023_Supp_Table_2_All_Curated_Genes.csv	IRX4
HGNC:6129	IRX4	griffin2023_curated_not_final	griffin2023	1	Griffin_2023_fully_curated_not_final_n196.csv	IRX4
HGNC:10892	SIX6	griffin2023_supp1_candidates	griffin2023	1	Griffin_2023_Supp_Table_1_All_Candidate_Genes.csv	SIX6
HGNC:10892	SIX6	clingen_dosage_gene_2026_08_10	clingen_dosage	1	ClinGen_Dosage_GENE-only_10Aug26.csv	SIX6
HGNC:16862	RAPGEF5	griffin2023_supp1_candidates	griffin2023	1	Griffin_2023_Supp_Table_1_All_Candidate_Genes.csv	RAPGEF5
HGNC:12697	VIT	griffin2023_supp1_candidates	griffin2023	1	Griffin_2023_Supp_Table_1_All_Candidate_Genes.csv	VIT
HGNC:7044	MGAT1	griffin2023_supp1_candidates	griffin2023	1	Griffin_2023_Supp_Table_1_All_Candidate_Genes.csv	MGAT1
HGNC:12712	VPS33B	griffin2023_supp1_candidates	griffin2023	1	Griffin_2023_Supp_Table_1_All_Candidate_Genes.csv	VPS33B
HGNC:12712	VPS33B	griffin2023_supp2_curated	griffin2023	1	Griffin_2023_Supp_Table_2_All_Curated_Genes.csv	VPS33B
HGNC:12712	VPS33B	griffin2023_curated_not_final	griffin2023	1	Griffin_2023_fully_curated_not_final_n196.csv	VPS33B
HGNC:12712	VPS33B	gencc_clingen_submitter_2026_08_10	gencc2022	1	GenCC_data_Aug10_2026	VPS33B
HGNC:25636	MCTP2	griffin2023_supp1_candidates	griffin2023	1	Griffin_2023_Supp_Table_1_All_Candidate_Genes.csv	MCTP2
HGNC:25636	MCTP2	griffin2023_supp2_curated	griffin2023	1	Griffin_2023_Supp_Table_2_All_Curated_Genes.csv	MCTP2
HGNC:25636	MCTP2	griffin2023_curated_not_final	griffin2023	1	Griffin_2023_fully_curated_not_final_n196.csv	MCTP2
HGNC:6770	SMAD4	chdgene_2026_08_10	chdgene	1	CHDGENE_table_10Aug26.csv	SMAD4
HGNC:6770	SMAD4	griffin2023_table1_syndromic	griffin2023	1	Griffin_2023_table1_syndromic.csv	SMAD4
HGNC:6770	SMAD4	griffin2023_supp1_candidates	griffin2023	1	Griffin_2023_Supp_Table_1_All_Candidate_Genes.csv	SMAD4
HGNC:6770	SMAD4	griffin2023_supp2_curated	griffin2023	1	Griffin_2023_Supp_Table_2_All_Curated_Genes.csv	SMAD4
HGNC:6770	SMAD4	griffin2023_supp3_denovo	griffin2023	1	Griffin_2023_Supp_Table_3_Curated_De_Novo Variants.csv	SMAD4
HGNC:6770	SMAD4	gencc_clingen_submitter_2026_08_10	gencc2022	1	GenCC_data_Aug10_2026	SMAD4
HGNC:6770	SMAD4	clingen_dosage_gene_2026_08_10	clingen_dosage	1	ClinGen_Dosage_GENE-only_10Aug26.csv	SMAD4
HGNC:14234	NSD1	chdgene_2026_08_10	chdgene	1	CHDGENE_table_10Aug26.csv	NSD1
HGNC:14234	NSD1	griffin2023_table1_syndromic	griffin2023	1	Griffin_2023_table1_syndromic.csv	NSD1
HGNC:14234	NSD1	griffin2023_supp1_candidates	griffin2023	1	Griffin_2023_Supp_Table_1_All_Candidate_Genes.csv	NSD1
HGNC:14234	NSD1	griffin2023_supp2_curated	griffin2023	1	Griffin_2023_Supp_Table_2_All_Curated_Genes.csv	NSD1
HGNC:14234	NSD1	griffin2023_supp3_denovo	griffin2023	1	Griffin_2023_Supp_Table_3_Curated_De_Novo Variants.csv	NSD1
HGNC:14234	NSD1	sierant_dominant60	sierant2025	1	Sierant dominant 60	NSD1
HGNC:14234	NSD1	clingen_dosage_gene_2026_08_10	clingen_dosage	1	ClinGen_Dosage_GENE-only_10Aug26.csv	NSD1
HGNC:7881	NOTCH1	chdgene_2026_08_10	chdgene	1	CHDGENE_table_10Aug26.csv	NOTCH1
HGNC:7881	NOTCH1	griffin2023_table1_syndromic	griffin2023	1	Griffin_2023_table1_syndromic.csv	NOTCH1
HGNC:7881	NOTCH1	griffin2023_supp1_candidates	griffin2023	1	Griffin_2023_Supp_Table_1_All_Candidate_Genes.csv	NOTCH1
HGNC:7881	NOTCH1	griffin2023_supp2_curated	griffin2023	1	Griffin_2023_Supp_Table_2_All_Curated_Genes.csv	NOTCH1
HGNC:7881	NOTCH1	griffin2023_supp3_denovo	griffin2023	1	Griffin_2023_Supp_Table_3_Curated_De_Novo Variants.csv	NOTCH1
HGNC:7881	NOTCH1	griffin2023_supp4_lof	griffin2023	1	Griffin_2023_Supp_Table_4_Curated_LoF_Variants.csv	NOTCH1
HGNC:7881	NOTCH1	sierant_dominant60	sierant2025	1	Sierant dominant 60	NOTCH1
HGNC:7881	NOTCH1	clingen_dosage_gene_2026_08_10	clingen_dosage	1	ClinGen_Dosage_GENE-only_10Aug26.csv	NOTCH1
HGNC:7989	NRAS	chdgene_2026_08_10	chdgene	1	CHDGENE_table_10Aug26.csv	NRAS
HGNC:7989	NRAS	griffin2023_table1_syndromic	griffin2023	1	Griffin_2023_table1_syndromic.csv	NRAS
HGNC:7989	NRAS	griffin2023_supp1_candidates	griffin2023	1	Griffin_2023_Supp_Table_1_All_Candidate_Genes.csv	NRAS
HGNC:7989	NRAS	griffin2023_supp2_curated	griffin2023	1	Griffin_2023_Supp_Table_2_All_Curated_Genes.csv	NRAS
HGNC:7989	NRAS	gencc_clingen_submitter_2026_08_10	gencc2022	1	GenCC_data_Aug10_2026	NRAS
HGNC:7989	NRAS	clingen_dosage_gene_2026_08_10	clingen_dosage	1	ClinGen_Dosage_GENE-only_10Aug26.csv	NRAS
HGNC:7976	NR2F2	chdgene_2026_08_10	chdgene	1	CHDGENE_table_10Aug26.csv	NR2F2
HGNC:7976	NR2F2	griffin2023_table1_isolated	griffin2023	1	Griffin_2023_table1_isolated.csv	NR2F2
HGNC:7976	NR2F2	griffin2023_supp1_candidates	griffin2023	1	Griffin_2023_Supp_Table_1_All_Candidate_Genes.csv	NR2F2
HGNC:7976	NR2F2	griffin2023_supp2_curated	griffin2023	1	Griffin_2023_Supp_Table_2_All_Curated_Genes.csv	NR2F2
HGNC:7976	NR2F2	clingen_dosage_gene_2026_08_10	clingen_dosage	1	ClinGen_Dosage_GENE-only_10Aug26.csv	NR2F2
HGNC:13444	SLC2A10	griffin2023_supp1_candidates	griffin2023	1	Griffin_2023_Supp_Table_1_All_Candidate_Genes.csv	SLC2A10
HGNC:13444	SLC2A10	clingen_dosage_gene_2026_08_10	clingen_dosage	1	ClinGen_Dosage_GENE-only_10Aug26.csv	SLC2A10
HGNC:8111	OSR1	griffin2023_supp1_candidates	griffin2023	1	Griffin_2023_Supp_Table_1_All_Candidate_Genes.csv	OSR1
HGNC:8111	OSR1	griffin2023_supp2_curated	griffin2023	1	Griffin_2023_Supp_Table_2_All_Curated_Genes.csv	OSR1
HGNC:8111	OSR1	griffin2023_curated_not_final	griffin2023	1	Griffin_2023_fully_curated_not_final_n196.csv	OSR1
HGNC:7060	MGP	griffin2023_supp1_candidates	griffin2023	1	Griffin_2023_Supp_Table_1_All_Candidate_Genes.csv	MGP
HGNC:7060	MGP	griffin2023_supp2_curated	griffin2023	1	Griffin_2023_Supp_Table_2_All_Curated_Genes.csv	MGP
HGNC:7060	MGP	griffin2023_curated_not_final	griffin2023	1	Griffin_2023_fully_curated_not_final_n196.csv	MGP
HGNC:7060	MGP	dong_recessive108	dong2025	1	Dong recessive 108	MGP
HGNC:7060	MGP	gencc_clingen_submitter_2026_08_10	gencc2022	1	GenCC_data_Aug10_2026	MGP
HGNC:7060	MGP	clingen_dosage_gene_2026_08_10	clingen_dosage	1	ClinGen_Dosage_GENE-only_10Aug26.csv	MGP
HGNC:19355	JMJD6	griffin2023_supp1_candidates	griffin2023	1	Griffin_2023_Supp_Table_1_All_Candidate_Genes.csv	JMJD6
HGNC:9864	RARA	griffin2023_supp1_candidates	griffin2023	1	Griffin_2023_Supp_Table_1_All_Candidate_Genes.csv	RARA
HGNC:25566	SETD5	chdgene_2026_08_10	chdgene	1	CHDGENE_table_10Aug26.csv	SETD5
HGNC:25566	SETD5	gencc_clingen_submitter_2026_08_10	gencc2022	1	GenCC_data_Aug10_2026	SETD5
HGNC:25566	SETD5	clingen_dosage_gene_2026_08_10	clingen_dosage	1	ClinGen_Dosage_GENE-only_10Aug26.csv	SETD5
HGNC:4837	HCCS	griffin2023_supp1_candidates	griffin2023	1	Griffin_2023_Supp_Table_1_All_Candidate_Genes.csv	HCCS
HGNC:4837	HCCS	griffin2023_supp2_curated	griffin2023	1	Griffin_2023_Supp_Table_2_All_Curated_Genes.csv	HCCS
HGNC:4837	HCCS	griffin2023_curated_not_final	griffin2023	1	Griffin_2023_fully_curated_not_final_n196.csv	HCCS
HGNC:4837	HCCS	clingen_dosage_gene_2026_08_10	clingen_dosage	1	ClinGen_Dosage_GENE-only_10Aug26.csv	HCCS
HGNC:9905	RBM8A	griffin2023_supp1_candidates	griffin2023	1	Griffin_2023_Supp_Table_1_All_Candidate_Genes.csv	RBM8A
HGNC:9905	RBM8A	griffin2023_supp2_curated	griffin2023	1	Griffin_2023_Supp_Table_2_All_Curated_Genes.csv	RBM8A
HGNC:9905	RBM8A	griffin2023_curated_not_final	griffin2023	1	Griffin_2023_fully_curated_not_final_n196.csv	RBM8A
HGNC:9905	RBM8A	dong_recessive108	dong2025	1	Dong recessive 108	RBM8A
HGNC:9905	RBM8A	gencc_clingen_submitter_2026_08_10	gencc2022	1	GenCC_data_Aug10_2026	RBM8A
HGNC:10414	RPS26	griffin2023_supp1_candidates	griffin2023	1	Griffin_2023_Supp_Table_1_All_Candidate_Genes.csv	RPS26
HGNC:10414	RPS26	griffin2023_supp2_curated	griffin2023	1	Griffin_2023_Supp_Table_2_All_Curated_Genes.csv	RPS26
HGNC:10414	RPS26	griffin2023_curated_not_final	griffin2023	1	Griffin_2023_fully_curated_not_final_n196.csv	RPS26
HGNC:10414	RPS26	clingen_dosage_gene_2026_08_10	clingen_dosage	1	ClinGen_Dosage_GENE-only_10Aug26.csv	RPS26
HGNC:16840	MED20	griffin2023_supp1_candidates	griffin2023	1	Griffin_2023_Supp_Table_1_All_Candidate_Genes.csv	MED20
HGNC:12428	TWIST1	griffin2023_supp1_candidates	griffin2023	1	Griffin_2023_Supp_Table_1_All_Candidate_Genes.csv	TWIST1
HGNC:12428	TWIST1	griffin2023_supp2_curated	griffin2023	1	Griffin_2023_Supp_Table_2_All_Curated_Genes.csv	TWIST1
HGNC:12428	TWIST1	griffin2023_curated_not_final	griffin2023	1	Griffin_2023_fully_curated_not_final_n196.csv	TWIST1
HGNC:12428	TWIST1	gencc_clingen_submitter_2026_08_10	gencc2022	1	GenCC_data_Aug10_2026	TWIST1
HGNC:12428	TWIST1	clingen_dosage_gene_2026_08_10	clingen_dosage	1	ClinGen_Dosage_GENE-only_10Aug26.csv	TWIST1
HGNC:17623	NUB1	griffin2023_supp1_candidates	griffin2023	1	Griffin_2023_Supp_Table_1_All_Candidate_Genes.csv	NUB1
HGNC:11109	SMARCE1	chdgene_2026_08_10	chdgene	1	CHDGENE_table_10Aug26.csv	SMARCE1
HGNC:11109	SMARCE1	griffin2023_supp1_candidates	griffin2023	1	Griffin_2023_Supp_Table_1_All_Candidate_Genes.csv	SMARCE1
HGNC:11109	SMARCE1	griffin2023_supp2_curated	griffin2023	1	Griffin_2023_Supp_Table_2_All_Curated_Genes.csv	SMARCE1
HGNC:11109	SMARCE1	griffin2023_curated_not_final	griffin2023	1	Griffin_2023_fully_curated_not_final_n196.csv	SMARCE1
HGNC:11109	SMARCE1	gencc_clingen_submitter_2026_08_10	gencc2022	1	GenCC_data_Aug10_2026	SMARCE1
HGNC:11109	SMARCE1	clingen_dosage_gene_2026_08_10	clingen_dosage	1	ClinGen_Dosage_GENE-only_10Aug26.csv	SMARCE1
HGNC:9350	PRDM6	chdgene_2026_08_10	chdgene	1	CHDGENE_table_10Aug26.csv	PRDM6
HGNC:9350	PRDM6	griffin2023_supp1_candidates	griffin2023	1	Griffin_2023_Supp_Table_1_All_Candidate_Genes.csv	PRDM6
HGNC:9350	PRDM6	griffin2023_supp2_curated	griffin2023	1	Griffin_2023_Supp_Table_2_All_Curated_Genes.csv	PRDM6
HGNC:9350	PRDM6	griffin2023_curated_not_final	griffin2023	1	Griffin_2023_fully_curated_not_final_n196.csv	PRDM6
HGNC:9350	PRDM6	clingen_dosage_gene_2026_08_10	clingen_dosage	1	ClinGen_Dosage_GENE-only_10Aug26.csv	PRDM6
HGNC:6307	KDR	chdgene_2026_08_10	chdgene	1	CHDGENE_table_10Aug26.csv	KDR
HGNC:6307	KDR	sierant_dominant60	sierant2025	1	Sierant dominant 60	KDR
HGNC:20087	TTC8	griffin2023_supp1_candidates	griffin2023	1	Griffin_2023_Supp_Table_1_All_Candidate_Genes.csv	TTC8
HGNC:20087	TTC8	clingen_dosage_gene_2026_08_10	clingen_dosage	1	ClinGen_Dosage_GENE-only_10Aug26.csv	TTC8
HGNC:9886	KDM5A	griffin2023_supp1_candidates	griffin2023	1	Griffin_2023_Supp_Table_1_All_Candidate_Genes.csv	KDM5A
HGNC:9886	KDM5A	griffin2023_supp2_curated	griffin2023	1	Griffin_2023_Supp_Table_2_All_Curated_Genes.csv	KDM5A
HGNC:9886	KDM5A	griffin2023_curated_not_final	griffin2023	1	Griffin_2023_fully_curated_not_final_n196.csv	KDM5A
HGNC:9886	KDM5A	gencc_clingen_submitter_2026_08_10	gencc2022	1	GenCC_data_Aug10_2026	KDM5A
HGNC:4454	GPC6	griffin2023_supp1_candidates	griffin2023	1	Griffin_2023_Supp_Table_1_All_Candidate_Genes.csv	GPC6
HGNC:4454	GPC6	griffin2023_supp2_curated	griffin2023	1	Griffin_2023_Supp_Table_2_All_Curated_Genes.csv	GPC6
HGNC:4454	GPC6	griffin2023_curated_not_final	griffin2023	1	Griffin_2023_fully_curated_not_final_n196.csv	GPC6
HGNC:4454	GPC6	dong_recessive108	dong2025	1	Dong recessive 108	GPC6
HGNC:4454	GPC6	clingen_dosage_gene_2026_08_10	clingen_dosage	1	ClinGen_Dosage_GENE-only_10Aug26.csv	GPC6
HGNC:6552	LEFTY1	griffin2023_supp1_candidates	griffin2023	1	Griffin_2023_Supp_Table_1_All_Candidate_Genes.csv	LEFTY1
HGNC:15513	SMYD3	griffin2023_supp1_candidates	griffin2023	1	Griffin_2023_Supp_Table_1_All_Candidate_Genes.csv	SMYD3
HGNC:7997	NRG1	griffin2023_supp1_candidates	griffin2023	1	Griffin_2023_Supp_Table_1_All_Candidate_Genes.csv	NRG1
HGNC:5474	IGFBP5	griffin2023_supp1_candidates	griffin2023	1	Griffin_2023_Supp_Table_1_All_Candidate_Genes.csv	IGFBP5
HGNC:25599	INAVA	griffin2023_supp1_candidates	griffin2023	1	Griffin_2023_Supp_Table_1_All_Candidate_Genes.csv	C1ORF106;INAVA
HGNC:24257	TMBIM4	griffin2023_supp1_candidates	griffin2023	1	Griffin_2023_Supp_Table_1_All_Candidate_Genes.csv	TMBIM4
HGNC:12363	TSC2	griffin2023_supp1_candidates	griffin2023	1	Griffin_2023_Supp_Table_1_All_Candidate_Genes.csv	TSC2
HGNC:12363	TSC2	clingen_dosage_gene_2026_08_10	clingen_dosage	1	ClinGen_Dosage_GENE-only_10Aug26.csv	TSC2
HGNC:11103	SMARCB1	chdgene_2026_08_10	chdgene	1	CHDGENE_table_10Aug26.csv	SMARCB1
HGNC:11103	SMARCB1	griffin2023_supp1_candidates	griffin2023	1	Griffin_2023_Supp_Table_1_All_Candidate_Genes.csv	SMARCB1
HGNC:11103	SMARCB1	griffin2023_supp2_curated	griffin2023	1	Griffin_2023_Supp_Table_2_All_Curated_Genes.csv	SMARCB1
HGNC:11103	SMARCB1	griffin2023_curated_not_final	griffin2023	1	Griffin_2023_fully_curated_not_final_n196.csv	SMARCB1
HGNC:11103	SMARCB1	gencc_clingen_submitter_2026_08_10	gencc2022	1	GenCC_data_Aug10_2026	SMARCB1
HGNC:11103	SMARCB1	clingen_dosage_gene_2026_08_10	clingen_dosage	1	ClinGen_Dosage_GENE-only_10Aug26.csv	SMARCB1
HGNC:25415	PPM1K	griffin2023_supp1_candidates	griffin2023	1	Griffin_2023_Supp_Table_1_All_Candidate_Genes.csv	PPM1K
HGNC:25415	PPM1K	gencc_clingen_submitter_2026_08_10	gencc2022	1	GenCC_data_Aug10_2026	PPM1K
HGNC:11108	SMARCD3	griffin2023_supp1_candidates	griffin2023	1	Griffin_2023_Supp_Table_1_All_Candidate_Genes.csv	SMARCD3
HGNC:7569	MYH11	chdgene_2026_08_10	chdgene	1	CHDGENE_table_10Aug26.csv	MYH11
HGNC:7569	MYH11	griffin2023_supp1_candidates	griffin2023	1	Griffin_2023_Supp_Table_1_All_Candidate_Genes.csv	MYH11
HGNC:7569	MYH11	griffin2023_supp2_curated	griffin2023	1	Griffin_2023_Supp_Table_2_All_Curated_Genes.csv	MYH11
HGNC:7569	MYH11	griffin2023_curated_not_final	griffin2023	1	Griffin_2023_fully_curated_not_final_n196.csv	MYH11
HGNC:7569	MYH11	gencc_clingen_submitter_2026_08_10	gencc2022	1	GenCC_data_Aug10_2026	MYH11
HGNC:7569	MYH11	clingen_dosage_gene_2026_08_10	clingen_dosage	1	ClinGen_Dosage_GENE-only_10Aug26.csv	MYH11
HGNC:11843	TLL1	chdgene_2026_08_10	chdgene	1	CHDGENE_table_10Aug26.csv	TLL1
HGNC:11843	TLL1	griffin2023_supp1_candidates	griffin2023	1	Griffin_2023_Supp_Table_1_All_Candidate_Genes.csv	TLL1
HGNC:11843	TLL1	griffin2023_supp2_curated	griffin2023	1	Griffin_2023_Supp_Table_2_All_Curated_Genes.csv	TLL1
HGNC:11843	TLL1	griffin2023_curated_not_final	griffin2023	1	Griffin_2023_fully_curated_not_final_n196.csv	TLL1
HGNC:11843	TLL1	gencc_clingen_submitter_2026_08_10	gencc2022	1	GenCC_data_Aug10_2026	TLL1
HGNC:4796	HAAO	chdgene_2026_08_10	chdgene	1	CHDGENE_table_10Aug26.csv	HAAO
HGNC:4796	HAAO	dong_recessive108	dong2025	1	Dong recessive 108	HAAO
HGNC:4796	HAAO	gencc_clingen_submitter_2026_08_10	gencc2022	1	GenCC_data_Aug10_2026	HAAO
HGNC:15517	XYLT2	dong_recessive108	dong2025	1	Dong recessive 108	XYLT2
HGNC:5044	HNRNPK	chdgene_2026_08_10	chdgene	1	CHDGENE_table_10Aug26.csv	HNRNPK
HGNC:5044	HNRNPK	gencc_clingen_submitter_2026_08_10	gencc2022	1	GenCC_data_Aug10_2026	HNRNPK
HGNC:5044	HNRNPK	clingen_dosage_gene_2026_08_10	clingen_dosage	1	ClinGen_Dosage_GENE-only_10Aug26.csv	HNRNPK
HGNC:17870	INVS	chdgene_2026_08_10	chdgene	1	CHDGENE_table_10Aug26.csv	INVS;NPHP2
HGNC:17870	INVS	griffin2023_supp1_candidates	griffin2023	1	Griffin_2023_Supp_Table_1_All_Candidate_Genes.csv	INVS;NPHP2
HGNC:17870	INVS	griffin2023_supp2_curated	griffin2023	1	Griffin_2023_Supp_Table_2_All_Curated_Genes.csv	INVS;NPHP2
HGNC:17870	INVS	griffin2023_curated_not_final	griffin2023	1	Griffin_2023_fully_curated_not_final_n196.csv	INVS;NPHP2
HGNC:17870	INVS	dong_recessive108	dong2025	1	Dong recessive 108	INVS;NPHP2
HGNC:17870	INVS	gencc_clingen_submitter_2026_08_10	gencc2022	1	GenCC_data_Aug10_2026	INVS;NPHP2
HGNC:6715	LTBP2	chdgene_2026_08_10	chdgene	1	CHDGENE_table_10Aug26.csv	LTBP2
HGNC:21424	IFT74	chdgene_2026_08_10	chdgene	1	CHDGENE_table_10Aug26.csv	IFT74
HGNC:9717	PEX2	griffin2023_supp1_candidates	griffin2023	1	Griffin_2023_Supp_Table_1_All_Candidate_Genes.csv	PEX2
HGNC:9717	PEX2	dong_recessive108	dong2025	1	Dong recessive 108	PEX2
HGNC:2468	SMC3	chdgene_2026_08_10	chdgene	1	CHDGENE_table_10Aug26.csv	SMC3
HGNC:2468	SMC3	griffin2023_supp1_candidates	griffin2023	1	Griffin_2023_Supp_Table_1_All_Candidate_Genes.csv	SMC3
HGNC:2468	SMC3	griffin2023_supp2_curated	griffin2023	1	Griffin_2023_Supp_Table_2_All_Curated_Genes.csv	SMC3
HGNC:2468	SMC3	griffin2023_curated_not_final	griffin2023	1	Griffin_2023_fully_curated_not_final_n196.csv	SMC3
HGNC:2468	SMC3	gencc_clingen_submitter_2026_08_10	gencc2022	1	GenCC_data_Aug10_2026	SMC3
HGNC:2468	SMC3	clingen_dosage_gene_2026_08_10	clingen_dosage	1	ClinGen_Dosage_GENE-only_10Aug26.csv	SMC3
HGNC:31862	NOTCH2NLA	griffin2023_supp1_candidates	griffin2023	1	Griffin_2023_Supp_Table_1_All_Candidate_Genes.csv	NOTCH2NL
HGNC:3332	MARK2	griffin2023_supp1_candidates	griffin2023	1	Griffin_2023_Supp_Table_1_All_Candidate_Genes.csv	MARK2
HGNC:11200	SOX4	griffin2023_supp1_candidates	griffin2023	1	Griffin_2023_Supp_Table_1_All_Candidate_Genes.csv	SOX4
HGNC:11200	SOX4	griffin2023_supp2_curated	griffin2023	1	Griffin_2023_Supp_Table_2_All_Curated_Genes.csv	SOX4
HGNC:11200	SOX4	griffin2023_curated_not_final	griffin2023	1	Griffin_2023_fully_curated_not_final_n196.csv	SOX4
HGNC:11598	TBX20	chdgene_2026_08_10	chdgene	1	CHDGENE_table_10Aug26.csv	TBX20
HGNC:11598	TBX20	griffin2023_table1_isolated	griffin2023	1	Griffin_2023_table1_isolated.csv	TBX20
HGNC:11598	TBX20	griffin2023_supp1_candidates	griffin2023	1	Griffin_2023_Supp_Table_1_All_Candidate_Genes.csv	TBX20
HGNC:11598	TBX20	griffin2023_supp2_curated	griffin2023	1	Griffin_2023_Supp_Table_2_All_Curated_Genes.csv	TBX20
HGNC:11598	TBX20	gencc_clingen_submitter_2026_08_10	gencc2022	1	GenCC_data_Aug10_2026	TBX20
HGNC:11598	TBX20	clingen_dosage_gene_2026_08_10	clingen_dosage	1	ClinGen_Dosage_GENE-only_10Aug26.csv	TBX20
HGNC:12525	UGDH	griffin2023_supp1_candidates	griffin2023	1	Griffin_2023_Supp_Table_1_All_Candidate_Genes.csv	UGDH
HGNC:12525	UGDH	griffin2023_supp2_curated	griffin2023	1	Griffin_2023_Supp_Table_2_All_Curated_Genes.csv	UGDH
HGNC:12525	UGDH	griffin2023_curated_not_final	griffin2023	1	Griffin_2023_fully_curated_not_final_n196.csv	UGDH
HGNC:19762	ZFPM1	griffin2023_supp1_candidates	griffin2023	1	Griffin_2023_Supp_Table_1_All_Candidate_Genes.csv	ZFPM1
HGNC:19762	ZFPM1	griffin2023_supp2_curated	griffin2023	1	Griffin_2023_Supp_Table_2_All_Curated_Genes.csv	ZFPM1
HGNC:19762	ZFPM1	griffin2023_curated_not_final	griffin2023	1	Griffin_2023_fully_curated_not_final_n196.csv	ZFPM1
HGNC:19762	ZFPM1	gencc_clingen_submitter_2026_08_10	gencc2022	1	GenCC_data_Aug10_2026	ZFPM1
HGNC:9586	PTCH2	griffin2023_supp1_candidates	griffin2023	1	Griffin_2023_Supp_Table_1_All_Candidate_Genes.csv	PTCH2
HGNC:9586	PTCH2	gencc_clingen_submitter_2026_08_10	gencc2022	1	GenCC_data_Aug10_2026	PTCH2
HGNC:3233	MEGF8	griffin2023_supp1_candidates	griffin2023	1	Griffin_2023_Supp_Table_1_All_Candidate_Genes.csv	MEGF8
HGNC:3233	MEGF8	griffin2023_supp2_curated	griffin2023	1	Griffin_2023_Supp_Table_2_All_Curated_Genes.csv	MEGF8
HGNC:3233	MEGF8	griffin2023_curated_not_final	griffin2023	1	Griffin_2023_fully_curated_not_final_n196.csv	MEGF8
HGNC:3233	MEGF8	dong_recessive108	dong2025	1	Dong recessive 108	MEGF8
HGNC:11768	TGFB2	griffin2023_supp1_candidates	griffin2023	1	Griffin_2023_Supp_Table_1_All_Candidate_Genes.csv	TGFB2
HGNC:11768	TGFB2	griffin2023_supp2_curated	griffin2023	1	Griffin_2023_Supp_Table_2_All_Curated_Genes.csv	TGFB2
HGNC:11768	TGFB2	griffin2023_curated_not_final	griffin2023	1	Griffin_2023_fully_curated_not_final_n196.csv	TGFB2
HGNC:11768	TGFB2	gencc_clingen_submitter_2026_08_10	gencc2022	1	GenCC_data_Aug10_2026	TGFB2
HGNC:5192	HES1	griffin2023_supp1_candidates	griffin2023	1	Griffin_2023_Supp_Table_1_All_Candidate_Genes.csv	HES1
HGNC:29384	ZNF528	griffin2023_supp1_candidates	griffin2023	1	Griffin_2023_Supp_Table_1_All_Candidate_Genes.csv	ZNF528
HGNC:23305	ZNF480	griffin2023_supp1_candidates	griffin2023	1	Griffin_2023_Supp_Table_1_All_Candidate_Genes.csv	ZNF480
HGNC:12782	WNT3	griffin2023_supp1_candidates	griffin2023	1	Griffin_2023_Supp_Table_1_All_Candidate_Genes.csv	WNT3
HGNC:29504	ZACN	griffin2023_supp1_candidates	griffin2023	1	Griffin_2023_Supp_Table_1_All_Candidate_Genes.csv	ZACN
HGNC:15983	WNT3A	griffin2023_supp1_candidates	griffin2023	1	Griffin_2023_Supp_Table_1_All_Candidate_Genes.csv	WNT3A
HGNC:26337	ZNF534	griffin2023_supp1_candidates	griffin2023	1	Griffin_2023_Supp_Table_1_All_Candidate_Genes.csv	ZNF534
HGNC:17894	ZNF638	griffin2023_supp1_candidates	griffin2023	1	Griffin_2023_Supp_Table_1_All_Candidate_Genes.csv	ZNF638
HGNC:12825	XPO1	griffin2023_supp1_candidates	griffin2023	1	Griffin_2023_Supp_Table_1_All_Candidate_Genes.csv	XPO1
HGNC:26687	ZNF610	griffin2023_supp1_candidates	griffin2023	1	Griffin_2023_Supp_Table_1_All_Candidate_Genes.csv	ZNF610
HGNC:12309	ZNHIT3	griffin2023_supp1_candidates	griffin2023	1	Griffin_2023_Supp_Table_1_All_Candidate_Genes.csv	ZNHIT3
